slidename,mu1,mu2,mu3,sigma1,sigma2,sigma3
TCGA-3M-AB46-01Z-00-DX1.70F638A0-BDCB-4BDE-BBFE-6D78A1A08C5B.svs,8.820741932456535,-0.10414294568709107,0.03443172878024484,0.40534413473765785,0.08693717145145559,0.025392408303079827
TCGA-3M-AB47-01Z-00-DX1.D7D70922-A91F-4798-8D6E-DFD84D145A59.svs,8.851915555395031,-0.10033934358924994,0.03537235513634983,0.3666228456163422,0.07718420585681127,0.019770787345752543
TCGA-B7-5816-01Z-00-DX1.1B05F96A-D5E2-4366-A098-A861313F3461.svs,7.918346514366294,-0.12833454505169214,0.08362667421951492,0.8183215006968371,0.17213551938573482,0.03902358035657586
TCGA-BR-4366-01Z-00-DX1.1b5b7fce-bfbb-461d-9381-30eb37698b9e.svs,8.641036651635803,-0.15454300182936187,0.06276357837830715,0.41762348225513113,0.1250003293377444,0.03528489883764714
TCGA-BR-4368-01Z-00-DX1.ecfc8a41-c65e-4ac4-9b2e-c403ba184f02.svs,8.44756741074805,-0.12799596088196527,0.11684248682649817,0.3805923581599866,0.12102415602102809,0.037437364535027676
TCGA-BR-4191-01Z-00-DX1.6f25e7af-44be-41bc-85c4-22729d6ec585.svs,8.449664549173711,-0.11370833165733539,0.09079004965812965,0.3117060992075387,0.1022097736603403,0.033441834388358634
TCGA-BR-4255-01Z-00-DX1.7c99233e-2bf3-4130-9852-7e7b34784366.svs,8.271257203472619,-0.2143697582892369,0.09849515928667552,0.4189611457407109,0.1559127941280955,0.0476578356220224
TCGA-BR-4362-01Z-00-DX1.f12e9fd5-4d05-408b-8462-a2cc9a75edae.svs,8.436350940435682,-0.16383189386375704,0.09157942856183696,0.355166043738879,0.1246794770023032,0.030119151114402876
TCGA-BR-4183-01Z-00-DX1.25a55001-19e6-4f2a-ad84-f8a3a990cc2f.svs,8.685840185142494,-0.1577317600361053,0.06597224825666556,0.3502295135972017,0.10579899070922436,0.03210517764134017
TCGA-BR-4256-01Z-00-DX1.682c72f4-e392-4941-bf24-63dd7a4afecc.svs,8.568216688266798,-0.17944502888489125,0.06890155187722928,0.3865447806598129,0.12357265868423255,0.03011361506800032
TCGA-BR-4184-01Z-00-DX1.aa0818ba-92ea-4337-b9d3-c891161f5f9a.svs,8.504656737620222,-0.1495204982251879,0.0842129457523093,0.36630298819356366,0.12960240339301007,0.03657228853390144
TCGA-BR-4253-01Z-00-DX1.1541e883-de6a-4cd3-a6f5-6866fd5f3439.svs,8.320512408886575,-0.3113152544462406,0.08518073152893912,0.4084413242571931,0.1774986703012697,0.029372996673928828
TCGA-BR-4201-01Z-00-DX1.7e3cbcf2-eb0e-4582-b5e1-f31c8a9ee5b7.svs,8.891665404416347,-0.08419998007373858,0.027610421846849188,0.21993280349154842,0.07352817193553461,0.014248600338580924
TCGA-BR-4279-01Z-00-DX1.3d749e63-3614-4475-b840-5401640f13d8.svs,8.755102823643611,-0.15375432874970768,0.06630887672514996,0.3986925363760438,0.14807406069167836,0.03611081906398184
TCGA-BR-4357-01Z-00-DX1.63cd361b-d8a7-4a99-aed7-4355b32397f6.svs,8.332304684197013,-0.2801908046888556,0.10018432067394019,0.410873760824704,0.15665879646266956,0.03693828107471749
TCGA-BR-4187-01Z-00-DX1.5358ef4f-c9af-40d4-b366-48876a8503cc.svs,8.80201206185115,-0.06097885956551998,0.053868199831311456,0.2908256344253281,0.09027037283899202,0.026152606364057564
TCGA-BR-4257-01Z-00-DX1.fd97fe9a-2e87-455d-9555-38b6621433d1.svs,8.642566147789994,-0.16409426436300567,0.06275857656832956,0.41720989845640905,0.1278715822314451,0.03429043001165103
TCGA-BR-4267-01Z-00-DX1.74687868-fdfb-4b11-8c72-a42703b5d06d.svs,8.802521820916343,-0.12597659810582806,0.04160681347278857,0.23792926346925813,0.08140867325354718,0.01767325083722072
TCGA-BR-4361-01Z-00-DX1.427c9a42-7772-41d2-814e-3da7d9fffe34.svs,8.643343168327313,-0.20005344649687384,0.05756600307770682,0.4263958826608982,0.13356493424086388,0.03029983615560237
TCGA-BR-4370-01Z-00-DX1.a221ca0e-5055-41c3-97a5-d8b9ff847e45.svs,8.692598006965293,-0.09971756414020198,0.04747787388333349,0.3995518218723538,0.11224434597351234,0.03405328401730522
TCGA-BR-4294-01Z-00-DX1.247c5447-23e3-4620-a981-19d5f572235a.svs,8.743426504743686,-0.2132799784962447,0.039699258817435044,0.37417644035541964,0.14284256372201865,0.02015877152786891
TCGA-BR-4363-01Z-00-DX1.d2121987-481e-4f39-8cb3-724a9fc18036.svs,8.317437045641942,-0.33453318182347963,0.08239769358174523,0.41411370050232743,0.17048685329032973,0.031159876875127706
TCGA-BR-4188-01Z-00-DX1.34ff2bf8-cd91-4f50-a38a-8e3c3693537f.svs,8.79590534725926,-0.09848992187028688,0.04971258834461972,0.40379784221535503,0.10528131073568807,0.03283550360961711
TCGA-BR-4367-01Z-00-DX1.1f8d0290-2ea8-447c-a8a9-4d83be6f242f.svs,8.803718343962895,-0.08667556805824482,0.05781903969356728,0.2802234719699063,0.07831128749897577,0.02563484407743272
TCGA-BR-4369-01Z-00-DX1.69000607-7c5c-4a97-bdc1-f5a4fdfdd39c.svs,8.774836747660013,-0.06289336685471028,0.0714055295836792,0.3916859610983818,0.09210470386797798,0.03898730168633879
TCGA-BR-4371-01Z-00-DX1.b45af289-5e56-40dd-80ba-7b8752d0344e.svs,8.467179646704482,-0.16403076348814616,0.09349369384618574,0.3880091649471352,0.15210965503621776,0.031946093338539774
TCGA-BR-7703-01Z-00-DX1.405deaeb-de87-480f-b676-3657d92d1f68.svs,8.574632971498222,-0.029328780267856142,0.06153611011594314,0.5608730389964283,0.16337246168215447,0.054963629430094404
TCGA-BR-8363-01Z-00-DX1.eeecad72-b281-4e28-be60-4542b4a275aa.svs,8.027805011610775,-0.1408477066217729,0.08445655770502782,0.6453428930090009,0.15904635279084853,0.03170278224936332
TCGA-BR-8060-01Z-00-DX1.6193aa89-3c4a-445a-ba2f-7eeea7f01cbe.svs,8.16772833835416,-0.10999234426875099,0.06919552269398767,0.8079459507879398,0.14825611575099384,0.044341286802196636
TCGA-BR-7717-01Z-00-DX1.caf061b5-c58d-4f32-a49c-383003fb4f57.svs,8.74255343450143,-0.025276062304074056,0.05124400146029382,0.5039599464648545,0.11448421066748148,0.05179262161989866
TCGA-BR-8059-01Z-00-DX1.b877e3e3-cde8-4a00-b2dc-53db8bc25d53.svs,8.331866374479864,-0.05164484786977635,0.08482119596106968,0.644028271626734,0.13281291533754624,0.05427155342266667
TCGA-BR-8679-01Z-00-DX1.2aa8a10d-4b62-479b-bea8-6c48428a888a.svs,8.511720346208286,-0.04573046815648164,0.07156548764901925,0.5643143158230548,0.10788447606112675,0.03345858624125799
TCGA-BR-8678-01Z-00-DX1.b6b8888f-c3e6-4466-a13b-8434ff5b3a30.svs,8.353420162421594,-0.112066597228083,0.06730443902446005,0.5971921872599072,0.12056926321467716,0.027995140149224235
TCGA-BR-7715-01Z-00-DX1.30aff8b3-bb1b-4aff-9f6b-2dde40122359.svs,8.552075305121447,-0.059997049396775935,0.044625638763336535,0.6352673329413485,0.11115175950911135,0.04834244143299193
TCGA-BR-A44T-01Z-00-DX1.46AA24E7-F2C9-418B-90AA-D6DA2896F5DE.svs,8.749170312966312,-0.04167133150216466,0.05781269018642319,0.4745168020653675,0.11160246937043093,0.030724463117043445
TCGA-BR-8588-01Z-00-DX1.34ca86de-a957-4cf7-9337-de0bba1844bc.svs,8.892008206950324,-0.03711138213627502,0.03986374169705357,0.36402890040012204,0.07092180123329395,0.021383501152036834
TCGA-BR-8591-01Z-00-DX1.c64ee000-b80d-46dd-b347-7aa8ce3b6113.svs,8.738473838620239,-0.07020800328973208,0.044186069966389005,0.42097779886059417,0.08772726784773345,0.024023723207902744
TCGA-BR-6803-01Z-00-DX1.0704a32a-4a03-4c67-96ad-4888ea899c70.svs,8.64780328155645,-0.038772314594202856,0.059469251162018726,0.47149739264619195,0.09005023733597338,0.0353876614860129
TCGA-BR-8081-01Z-00-DX1.c6c1ef86-9aad-463e-a64a-f1a2dbe465dc.svs,8.40848946097535,-0.10878716673722359,0.057435284566299864,0.6208880225068012,0.1164594353206301,0.04198926558805198
TCGA-BR-8485-01Z-00-DX1.863bea72-3bd3-4f07-bbc9-e00d17ae39f7.svs,8.485270632273927,-0.08807471667456405,0.06356352105175717,0.5753741885134184,0.11564709651170048,0.02927192722574571
TCGA-BR-7197-01Z-00-DX1.a8ee53be-925d-4922-b670-74b09f405dd3.svs,8.496548943960049,-0.029005058950260287,0.07998030556775353,0.5433370531716021,0.12497860909292952,0.045901222687979165
TCGA-BR-6453-01Z-00-DX1.2e52d64c-e34f-47a9-9e5e-8954b5ef18ca.svs,8.748909676683196,-0.05031834987010181,0.05270558905227901,0.4540451352183022,0.07993235203224767,0.026852476835391683
TCGA-BR-8295-01Z-00-DX1.9c19a25e-dcf2-41b4-b726-2f09ae7c38f6.svs,8.47641054040375,-0.09665227291526403,0.06267594863974478,0.5357732185501557,0.12171083618045797,0.03535003409447999
TCGA-BR-7958-01Z-00-DX1.41f7c42e-6266-49d7-bdb6-66771033961f.svs,8.135312635196483,-0.11826935975741124,0.06895475737719306,0.7469455481250424,0.21316020970557314,0.05172420774766863
TCGA-BR-6706-01Z-00-DX1.8627a957-8d44-47ec-9156-53ccc37b9add.svs,8.213230424405248,-0.11107978740660411,0.0642745259884146,0.6554003156175541,0.16144794035090357,0.04816571966578158
TCGA-BR-8365-01Z-00-DX1.0cf05858-a4a5-468e-aa62-d3e3e91eab4a.svs,8.691164439364055,-0.03247301077215257,0.06286993120390508,0.4166111841746868,0.08505652154203201,0.028680732184204773
TCGA-BR-8289-01Z-00-DX1.3fd11755-cb87-40fe-92e2-0ccc55aefa0d.svs,8.536495206326853,-0.08818501545329185,0.05391999747392897,0.5766434069069573,0.1299019440978863,0.04279134402481175
TCGA-BR-6801-01Z-00-DX1.7d2aaa44-16f0-4526-87f2-6e95cdb5df3b.svs,8.478256800648607,-0.04929757490205488,0.0743129793351635,0.5023606575194479,0.10176501471617579,0.04238595137337417
TCGA-BR-8367-01Z-00-DX1.25d1e251-923d-46f5-9a6b-2f6207def599.svs,8.294798983814298,-0.07482870431114644,0.08098279193145874,0.5669169498478415,0.12282553336029853,0.031999438620894737
TCGA-BR-6565-01Z-00-DX1.0e53f881-e0d7-4906-946a-67f612906476.svs,8.69025452619156,-0.1010240316204466,0.03642365899590494,0.4567671115095365,0.09378193063014506,0.016908943314228327
TCGA-BR-A4CQ-01Z-00-DX1.B63282A5-154D-441B-BF96-5BB26CB6D95E.svs,8.083125462487915,-0.09206199762273289,0.097465582119632,0.7092847308676637,0.17265385435119038,0.03490063671951759
TCGA-BR-7851-01Z-00-DX1.1f3a3b7d-0c1e-42af-9d5b-2a90b759eca9.svs,8.156997387861162,-0.12953433514988466,0.07150659576690718,0.6691633538228893,0.1765398399174535,0.046092705159912546
TCGA-BR-6457-01Z-00-DX1.387f0968-fcec-4864-86f8-9c87f658c371.svs,8.522935676586805,-0.08783082992428476,0.057143730824961186,0.5951234600216406,0.10088262556597068,0.03213527799886302
TCGA-BR-8686-01Z-00-DX1.8f559dd9-228e-4ed2-a7e4-16e04b80f05c.svs,8.200659169681312,-0.07127369171557989,0.0861427169579011,0.8055308860347768,0.18712015964500264,0.04087006380090997
TCGA-BR-8687-01Z-00-DX1.95a2ccce-d477-42ca-9be1-eec03bc9f117.svs,8.578730762787078,-0.058278427328303455,0.06133872220680304,0.48300589103547464,0.10656775934677823,0.031991432793042764
TCGA-BR-7707-01Z-00-DX1.0aae4d1b-3345-4277-8820-c54e3df2e64f.svs,8.637370555511385,-0.06586696061259777,0.04406753883229072,0.5758873241472037,0.10001389014809094,0.043379892302084194
TCGA-BR-A44U-01Z-00-DX1.8C665560-8CAC-4ABF-B2B2-17A76B3A9F14.svs,8.87878577294469,-0.0351808166699757,0.046758802715182735,0.4172099142035855,0.08737732991535815,0.03210948144243287
TCGA-BR-A4CR-01Z-00-DX1.9DC43CFC-D1DC-4851-A1C1-CE8E3A24B8A4.svs,8.447238779835944,-0.07836182387612627,0.06983829561347395,0.5959166906545529,0.1300206865049671,0.03329171168622877
TCGA-BR-6563-01Z-00-DX1.2398c0e0-47a6-4557-8e2d-3b890756900a.svs,8.881064142773223,-0.04501582139110295,0.040419691712071285,0.37458529106606975,0.06981111031903475,0.021817958025971935
TCGA-BR-8384-01Z-00-DX1.4f2655b6-39ef-4532-b8ed-b604ee5dada5.svs,8.3373956818704,-0.03164053345481781,0.09344660873955325,0.5377380871449852,0.1206812386130755,0.03975905542963671
TCGA-BR-8077-01Z-00-DX1.8c68b0bb-ef3f-41e4-bd01-8a1dbb5ee8c1.svs,8.381628745349628,-0.0900669780779213,0.06421702394846641,0.7421420665110084,0.14388573844612176,0.05011857289602157
TCGA-BR-8368-01Z-00-DX1.b1d32cec-36d6-4ee9-9455-bf0c797a271a.svs,8.61157476597903,-0.0928955246310144,0.05482298098465882,0.5617344571693799,0.12049923567817586,0.028266110376257272
TCGA-BR-6707-01Z-00-DX1.fade928c-b514-43d8-90dd-37b505df9992.svs,7.860401328749262,-0.18035131993669645,0.0756234284793401,0.7350843701338778,0.17649054563628544,0.048446884617896424
TCGA-BR-7704-01Z-00-DX1.51495bff-d6fd-448c-b428-aea6fd593086.svs,8.215341431252062,-0.12200993291622007,0.07379948861934392,0.7351116604653668,0.15248172857887493,0.04556157259241342
TCGA-BR-6452-01Z-00-DX1.aec8246e-9dce-436d-9faa-df8fa1f6e47c.svs,8.720986760574158,-0.06930843356335992,0.04743824323802059,0.417783498209024,0.07669400848931994,0.02047646167720195
TCGA-BR-6454-01Z-00-DX1.63fb6280-2b43-49b2-960a-eb9c0e8b617c.svs,8.229861633636466,-0.14436692996902062,0.06754292742121168,0.5810645036639149,0.12305450015286303,0.02575860483099627
TCGA-BR-8590-01Z-00-DX1.504afa1d-3a8f-423f-9edf-4df35720c05f.svs,8.9583731820753,-0.039632041538742425,0.03351089990755912,0.3327632676504216,0.061095767326894986,0.01736453171066242
TCGA-BR-6455-01Z-00-DX1.402682fe-98b4-4381-85da-98510db17af9.svs,8.578858859265669,-0.08786099413811785,0.052746299690087775,0.47369050315926603,0.09312492315667342,0.023207746375691195
TCGA-BR-8589-01Z-00-DX1.5cd1a083-358a-4238-b3ca-1bfcdc084e80.svs,8.433000284493748,-0.09127261934816637,0.060346224939684195,0.6518462738813304,0.1362182055114518,0.031049486595314292
TCGA-BR-6705-01Z-00-DX1.1e145e40-56d6-4ebd-9a9b-bc5a0cbe3247.svs,8.756148600447595,-0.02770449886352993,0.054551283266298864,0.508383369876055,0.09638754107633347,0.046777916142011634
TCGA-BR-8373-01Z-00-DX1.d508dfad-2195-4aa4-bccc-58a450d07182.svs,8.86602591019029,-0.048531311953902,0.04697209574029281,0.448720632094746,0.08771745888873068,0.02791105555969631
TCGA-BR-8676-01Z-00-DX1.297da9bc-fbfd-4277-84e1-297f177211db.svs,8.480214555733221,-0.0872506918177685,0.06172156161154618,0.5746020798501025,0.12235027379926867,0.028549215006526178
TCGA-BR-8683-01Z-00-DX1.586c64f3-3f10-4729-99e2-38c6bd32e50d.svs,8.625736552304467,-0.043188310564805474,0.06517310434644616,0.45339331315639875,0.08623189182247423,0.027341725597422706
TCGA-CD-8525-01Z-00-DX1.37FFDBE4-8C18-4645-BFA3-139766A09601.svs,8.464315295700263,-0.03085064348291362,0.06001076519958948,0.7023999882408976,0.10408903047970083,0.03112991607379882
TCGA-BR-8360-01Z-00-DX1.5250b193-e906-4279-b8cf-aac8f37183be.svs,8.283874719416985,-0.14799107971779055,0.06441807087050536,0.6841054779795369,0.15013270139413226,0.029609243491722736
TCGA-BR-8372-01Z-00-DX1.d0f9d5fd-3d6e-4d86-ad63-fb3611d6af05.svs,8.218366102510634,-0.14874564104251375,0.073461196586973,0.561723377480788,0.13055991561448982,0.028715785160625774
TCGA-BR-8370-01Z-00-DX1.9243927e-08a3-4d97-a8b8-bea795418039.svs,8.84963613968139,-0.05652346285291939,0.04515659195286155,0.38945623030260507,0.07476859222432533,0.02537819079030077
TCGA-BR-A4CS-01Z-00-DX1.84B5892C-6C7F-474D-BA09-04E870A47764.svs,8.462485771516672,-0.07661263524834659,0.06623053771522038,0.5743808538304742,0.13955654126150047,0.035048119678019636
TCGA-BR-8382-01Z-00-DX1.b74fc4a1-4dfc-47dc-8ee1-2fa44ad17a69.svs,8.59201955512867,-0.10743537404239005,0.06933387772533033,0.5545224303178927,0.11417710049085886,0.030628500021844644
TCGA-BR-8369-01Z-00-DX1.13c80644-af27-4971-9e41-4d18c1c78378.svs,8.902112649973612,-0.05515516165409097,0.049235590348161856,0.3786080800194536,0.07507727259425022,0.027382955121633797
TCGA-BR-8380-01Z-00-DX1.4692f9c9-a7f2-4274-be65-6990f02c1275.svs,8.137192845541147,-0.057516393014551775,0.10673623406126764,0.6519459957846021,0.1556020431399201,0.03798087208661761
TCGA-CG-4437-01Z-00-DX1.3FB7BF81-9E9A-4864-9627-0865486C07A0.svs,8.842295374739006,-0.08233292393025593,0.00946009877672564,0.19347822454730226,0.04163997195698129,0.002303093263175128
TCGA-BR-8484-01Z-00-DX1.5c897888-fcd2-4214-aa1e-f6a63ff1b755.svs,8.332560392929654,-0.09137634630795188,0.0804410993249894,0.673342672697513,0.13714235885756854,0.03393788814681217
TCGA-BR-6710-01Z-00-DX1.9368e11d-9000-4e84-8772-a0ee54932049.svs,8.12193778729618,-0.12139917463422013,0.07884516376648755,0.6156120730210721,0.14268984895114778,0.040769970964072956
TCGA-BR-6564-01Z-00-DX1.ad86e83f-ebfd-4eee-8bf8-7490c5f79a17.svs,8.84348283124238,-0.05695208493568161,0.0384671063496946,0.37552068152215323,0.07229383540098323,0.019984138807060823
TCGA-BR-7722-01Z-00-DX1.06384343-d45c-4087-95c6-3b11304ec28e.svs,8.614375586731608,-0.06351680002757237,0.055935170510766775,0.5047076412064246,0.10348814773591643,0.02982020942739044
TCGA-BR-7901-01Z-00-DX1.5c4f8dec-3428-4019-a9fb-00f07f9418e6.svs,8.644998767758983,-0.06370604992033406,0.056827231023229424,0.5176508298231532,0.09986843933559408,0.03224255161528999
TCGA-BR-6458-01Z-00-DX1.e889b058-99ab-4337-84a5-60a884caad55.svs,8.54325349445148,-0.08312747677533543,0.05740424761840283,0.5312273528679645,0.09716933875162097,0.02940981146070178
TCGA-BR-7957-01Z-00-DX1.870e24e0-b9cf-4baa-91f1-bd031d06da8e.svs,8.63786989947061,-0.05445615677544149,0.053233157863822045,0.48342622057210044,0.12448425630904247,0.042810708515967605
TCGA-BR-8487-01Z-00-DX1.81ed3672-7b6c-4db4-9cba-3f0173709320.svs,8.823816396430352,-0.04845249084528695,0.05436419941591902,0.42234501337934377,0.07863710359490049,0.02784108743847518
TCGA-BR-8364-01Z-00-DX1.245676db-6d78-4ae4-ae36-b4a70781a2f8.svs,8.559408537197779,-0.04887984915186735,0.06007037073992276,0.48068956315662675,0.09958144201319534,0.030977089959713558
TCGA-BR-8680-01Z-00-DX1.a314ef6e-f3f9-4148-934e-dc432e3f39e8.svs,8.220336934818052,-0.0897726183623872,0.08575851546342975,0.547563168146251,0.11915687327396086,0.029362428755468913
TCGA-CG-4301-01Z-00-DX1.d3a38b46-9f9c-4ed4-a1c7-fc1e48263a53.svs,9.080769992899933,-0.14224695413125837,0.016954749828340235,0.3139973546657056,0.11831022352821198,0.014623707630282989
TCGA-BR-8291-01Z-00-DX1.a7e89a69-6d6d-4c43-b299-a618bd859170.svs,8.771408456298493,-0.049500122626200814,0.0452524649955075,0.48970985570970804,0.10458604761040675,0.03665425430806892
TCGA-BR-6802-01Z-00-DX1.e171554c-05b5-4622-beb7-0abee31f5109.svs,8.450342953558481,-0.08181265054470503,0.05664893764998374,0.6136076724544587,0.10532092970255369,0.046385724643045786
TCGA-BR-8682-01Z-00-DX1.269b5b35-7ccb-4343-b2a4-2add6fa129a5.svs,8.422554496225517,-0.023539162320280433,0.08770718240861147,0.47268178744849243,0.10291464511917583,0.03146515526595397
TCGA-BR-8366-01Z-00-DX1.3cda0b57-d0a4-4877-a31c-c9f5f9007cc7.svs,8.879452764272822,-0.04734599646108983,0.0477566065687091,0.3721873441629737,0.06637784849579093,0.025184746415842667
TCGA-CG-4441-01Z-00-DX1.0e2867aa-9b2d-4539-b218-a1a318361dfc.svs,8.839969178611998,-0.20878003789852673,0.0650287092695995,0.37362364991849684,0.11195708076867918,0.027113607822201395
TCGA-BR-7959-01Z-00-DX1.fe1ffcd9-7252-4ac8-9ece-08b9cd78107c.svs,8.585324120650666,-0.029828637603238367,0.0731466500063789,0.5637249205602439,0.11913843193822912,0.04556456963245678
TCGA-BR-8486-01Z-00-DX1.5a31224e-5c0e-49ca-ae65-d2edc8e4a0a2.svs,8.692663776624014,-0.08785236094900738,0.04559812581864475,0.4406230401639635,0.09339294988123645,0.02167906220868052
TCGA-BR-7716-01Z-00-DX1.777e570a-5771-4288-b110-26e44358745b.svs,8.667765565778502,-0.05587144059372668,0.04333038790918371,0.5943653316199649,0.10245542146571532,0.04371757770907968
TCGA-BR-6566-01Z-00-DX1.908c1c0f-12a4-4fa8-a398-ca3b033e7496.svs,8.810360091299936,-0.07696284757584491,0.03347726597832002,0.4158124076844987,0.08181588015498853,0.01795967152818793
TCGA-BR-8058-01Z-00-DX1.e2c9bf25-0e6b-4088-9148-483f45893c3d.svs,8.555207291576496,-0.0019670375842121383,0.07322985441191339,0.507937642713681,0.11393688335851779,0.047987545864154296
TCGA-CG-5716-01Z-00-DX1.971C2889-E3D7-48BC-8148-F03A7FEFE982.svs,8.412229145140953,-0.20828926536892797,0.009961873992815264,0.4447623696604104,0.1165462249614867,0.012505727249187058
TCGA-CG-5717-01Z-00-DX1.6E375046-B9C3-49DD-A934-9AE4BE2895E0.svs,8.701229677805573,-0.09122952216405829,0.0012605496656303869,0.25446972327557055,0.05021221011453481,0.0036210306829309678
TCGA-CG-5721-01Z-00-DX1.F4E6AF45-0B1D-499E-AE95-6AFC9344F731.svs,8.726629440379543,-0.13238736127666484,0.02106654663754679,0.3240864728277198,0.0953890173598707,0.009127078330304815
TCGA-CG-5718-01Z-00-DX1.4BA9B20E-9555-4993-9B55-9E5A9C5C3905.svs,8.64565669651352,-0.13129665538000204,0.01381755766521605,0.30357339401212263,0.06658108342828808,0.005942014154616523
TCGA-BR-8677-01Z-00-DX1.7b2468f0-636f-4447-ae26-05cacf24e9c4.svs,8.72915708456681,-0.04284491045842625,0.05263058229814153,0.5144757903432465,0.09253604655648792,0.027411568048841352
TCGA-CG-5719-01Z-00-DX1.8E669F41-406C-4AB4-8B73-A079D6690537.svs,8.696694100824551,-0.12679151022529328,0.011431058198557265,0.2958771377004891,0.0678812905702286,0.0051572599062471546
TCGA-CG-5722-01Z-00-DX2.2A4EC4AE-A520-4E86-8E48-E6FFBFC3F340.svs,8.76037042466318,-0.06867460545562948,0.009226471704117918,0.23918541527972229,0.03603679936656875,0.003765239011577223
TCGA-CG-5725-01Z-00-DX1.2FDB162B-9080-434D-AEE0-B867BE8D3786.svs,8.919405437446729,-0.0544634358158557,0.008682889465764206,0.18047194072818784,0.03515167188875849,0.005150909027208463
TCGA-CG-5724-01Z-00-DX1.89B75EBF-BF6E-418F-8FA7-F564055EE6DA.svs,8.820416495186148,-0.08873614487119051,0.019139687671302617,0.22879684421207674,0.05560261761938693,0.008178815583473931
TCGA-CG-4444-01Z-00-DX1.2f966933-a92c-4888-853c-2f8ca195120e.svs,8.880561992533858,-0.2222784321871343,0.06608625216485177,0.4291788554151223,0.13348649001215476,0.03802457725642998
TCGA-CG-5720-01Z-00-DX1.934A284B-B33A-4C76-B423-2110012B7178.svs,8.704655361687502,-0.11682986646903631,0.028776153145430607,0.2536628064286941,0.0595285591341911,0.010862282068344357
TCGA-BR-8592-01Z-00-DX1.5656d484-7850-467a-9d51-b6005a992225.svs,8.917223316659515,-0.03234741695750275,0.04199837930916788,0.3425135727905352,0.06815416933156374,0.02133792276088836
TCGA-CG-5722-01Z-00-DX1.C1B50B01-0328-4DAF-8EDA-024D2A7EC07F.svs,8.808191706909007,-0.08266227595735719,0.012255839404351786,0.2230344671930664,0.052366085988072054,0.0064647545573192225
TCGA-CG-5727-01Z-00-DX1.2B805B2B-6D29-4F6F-B22E-944091C53127.svs,8.723792072568767,-0.11320692117559056,0.007454992010588783,0.3543094488634745,0.09595045390908129,0.0049604779772174125
TCGA-CG-5730-01Z-00-DX1.FA6F1EEE-3581-4824-AFC2-A5FFC04DF5A2.svs,8.895363261838895,-0.07140787688233434,0.012084038322041557,0.1828384559163615,0.03995272277810266,0.003747180173810159
TCGA-CG-5734-01Z-00-DX1.52E92249-B566-48B3-8D54-71B945A8C0AB.svs,8.872068404737977,-0.06599327220719814,0.008820861235152598,0.17786964379168657,0.0380081882312042,0.0027229269078482914
TCGA-CG-5723-01Z-00-DX1.A0FB6EFA-304F-4267-8C6E-D9E750F67FDC.svs,8.598017211422476,-0.16321787082851077,0.028874677034473988,0.34962077241837836,0.09265443674962949,0.012332749542599232
TCGA-CG-5726-01Z-00-DX1.AF4BAEE4-45CE-453F-B4B9-8373A5909315.svs,8.823727085851527,-0.09290682447019406,0.014931454143837595,0.1909925181209361,0.047010635679554456,0.004952702405705146
TCGA-CG-5728-01Z-00-DX1.F370843C-2958-463F-90F9-DB3F08B8554B.svs,8.717092012825782,-0.12959046435582713,0.030695264287504537,0.2582793648147991,0.06572542345965786,0.010179205911574719
TCGA-CG-4455-01Z-00-DX1.f695a661-323d-4aeb-a3db-72510719eeed.svs,8.941697566249621,-0.1733759737085323,0.014196052658088933,0.3951614404608692,0.11911567331940275,0.013511124491027843
TCGA-CG-5732-01Z-00-DX1.56EE8B97-4D88-4EA1-9EC9-B1A9F79C35D5.svs,8.781307424263757,-0.09105420562763662,0.007482537706599184,0.2687189613157526,0.05618787390511782,0.004548932981872581
TCGA-CG-5733-01Z-00-DX1.E284A707-2D4B-438A-8B62-FCFD4510FAD3.svs,8.701855655667373,-0.11657495983807013,0.02425338524081986,0.28728140609963465,0.07479707780892564,0.013132099421820798
TCGA-BR-6456-01Z-00-DX1.2cb7b656-95e1-4f34-99e6-77a051fb79e5.svs,8.746200093842246,-0.0527419103110294,0.05240906720717138,0.38208478841018345,0.06888035349138807,0.023669951094750973
TCGA-BR-8381-01Z-00-DX1.1a017141-7af0-4aba-8e07-18b9bd9ce6a3.svs,8.276456031422619,-0.15337775092317313,0.07005634591136652,0.6335272663182152,0.14979728006305967,0.029418359124105786
TCGA-CG-4300-01Z-00-DX1.3ad2eb8f-a266-441f-93d4-c45ec9c553d9.svs,9.007033549400226,-0.17792461246592378,0.01662459105655958,0.3179906999809603,0.11380763572912825,0.013328317106061518
TCGA-BR-6852-01Z-00-DX1.9cdca0ad-9351-42c2-8082-3742de914369.svs,8.552136766133053,-0.06892894101753155,0.05928110045233673,0.6194669598286654,0.12062733375351659,0.04059560478888948
TCGA-CG-4442-01Z-00-DX1.3273280a-8780-4e91-bb5e-97d174989183.svs,8.983137671112345,-0.1803168072450649,0.05006734854400124,0.32827865763989245,0.10688057773465835,0.023529777396316173
TCGA-CG-4449-01Z-00-DX1.87ab158b-0699-4b22-9d51-58abd1033245.svs,8.536601374773614,-0.29538537592153097,0.03825601907097207,0.6325400376781664,0.1786777567561038,0.02552978391261967
TCGA-BR-7196-01Z-00-DX1.651ae8f6-2d2e-4520-9419-29b957e85d03.svs,8.837625180687047,-0.02355547409603298,0.04769879460046859,0.4560710619399144,0.10372624890423801,0.03879428299502149
TCGA-BR-8297-01Z-00-DX1.881fd27f-e2c1-42fe-9b1a-afae4fcc4909.svs,8.5943053963544,-0.06609776711115273,0.06896320137188498,0.45757453513705243,0.10036747022430233,0.0324021809673523
TCGA-CG-4443-01Z-00-DX1.484defba-273b-4683-9c32-883f3da8ba5f.svs,8.974665688620524,-0.1774058517086042,0.019885209315041695,0.3153925070196523,0.10360342554773942,0.011576031872470988
TCGA-BR-A4IY-01Z-00-DX1.84134CDC-D21F-43AD-82E3-1074487457F6.svs,8.603628033276491,-0.0691025489074593,0.06139017495633375,0.47696583385473906,0.10308051899598858,0.02763313572089595
TCGA-3M-AB46-01Z-00-DX1.70F638A0-BDCB-4BDE-BBFE-6D78A1A08C5B.svs,8.820741932456535,-0.10414294568709107,0.03443172878024484,0.40534413473765785,0.08693717145145559,0.025392408303079827
TCGA-BR-A453-01Z-00-DX1.23506C02-B7C6-426B-999F-6D9A75942281.svs,8.839665737545854,-0.026491721583826535,0.058141596522363885,0.3631271007080447,0.0777452084175505,0.02803367554660798
TCGA-CG-4438-01Z-00-DX1.3691c587-cadf-4523-a332-5a18f52c94b0.svs,9.008551371404312,-0.15303304141806856,0.01844683273895297,0.27958786815383757,0.0964419982852223,0.012525883323649253
TCGA-CG-4440-01Z-00-DX1.297add71-f47a-47fa-b472-1a06cc9541ec.svs,9.113333526408267,-0.1267530238853032,0.01755002771955814,0.2833499469648762,0.11029041978792149,0.013949672837184287
TCGA-BR-6709-01Z-00-DX1.92df4063-8b47-4655-a010-edc385b35840.svs,8.46643245074523,-0.10032825568725222,0.04973451107983107,0.6045189097794821,0.1334661116695625,0.04100594787725739
TCGA-CG-4460-01Z-00-DX1.498845d6-e330-45d7-a5ac-153f2cf9b3c7.svs,8.980472906444126,-0.19882309621654137,0.004200596638278636,0.3318556958906732,0.12434589615210967,0.011392859605707783
TCGA-CG-4472-01Z-00-DX1.776d5f0e-3a34-4de8-8d72-fd35ba59e235.svs,8.989323008934276,-0.15105457015521967,0.007776530623596568,0.36710713001817125,0.11307571571420537,0.010027477708319637
TCGA-BR-8286-01Z-00-DX1.4e8edc91-41c1-4b40-89b5-6f09636e4a3f.svs,8.602923869565352,-0.08901042471051747,0.05359223629813198,0.5469203187522144,0.09966537368831528,0.03979839226473083
TCGA-BR-8284-01Z-00-DX1.ea9f3dca-8390-4ae4-8ede-5ed776d1ad4d.svs,8.497395861376408,-0.11140414506634483,0.061947248829030487,0.519686195357211,0.10524643186899817,0.03136605715571599
TCGA-CG-4436-01Z-00-DX1.55b155a9-066b-42cc-b834-b11c68256852.svs,9.105450671255147,-0.15868760822800798,0.02857227808783734,0.25004520050914114,0.09741247335112416,0.021649811111789537
TCGA-BR-7723-01Z-00-DX1.15f75a3f-93b8-423f-b5b5-bdb5ef378ed8.svs,8.615247957345899,-0.0756862421642431,0.048216418367362054,0.5806723036716047,0.114803379550479,0.04026364080058197
TCGA-CG-4305-01Z-00-DX1.65167641-c270-4763-8bb8-cadedb17279d.svs,8.689612224581191,-0.29380612337593015,0.025297061845885274,0.48918973202432303,0.16138128778879804,0.018753560964906237
TCGA-CG-4475-01Z-00-DX1.7a6c4b16-baea-4820-b91e-c9b1c2945faf.svs,8.975503833840838,-0.1807156941903461,0.019775382022682014,0.3957866834128238,0.12423095259038086,0.016110910965902017
TCGA-CG-4462-01Z-00-DX1.b83d328e-f315-493a-b625-1ca3136e5898.svs,8.956267102821164,-0.18702590534644903,0.004798057714966749,0.34735749180097214,0.11894358923553677,0.016037212401960304
TCGA-BR-8078-01Z-00-DX1.8e4a1099-d1c4-46b2-ae3b-5276b93d7003.svs,8.143906464948698,-0.11446867848223076,0.0802830715094225,0.7533366570822958,0.1593008104868809,0.05149778685807185
TCGA-BR-8690-01Z-00-DX1.e94544ed-62a3-41f3-95d5-f0ba9dfaa77f.svs,8.544893975610698,-0.07761835318819107,0.05741701467074929,0.5948317999745741,0.11531373039506511,0.029226622715872314
TCGA-CG-4306-01Z-00-DX1.d4b89854-8529-4fb5-847a-ddb59b163727.svs,8.892520309404365,-0.22002880865228067,0.019082049488652924,0.37720879948188674,0.12971432609248165,0.014677507072592787
TCGA-BR-A4IV-01Z-00-DX1.53BA2682-9B7A-4035-B811-4A3504158298.svs,8.560478377760235,-0.02413784672725849,0.07704742785184777,0.48256162831904026,0.10622202453831212,0.037236154684165065
TCGA-CG-4466-01Z-00-DX1.cddbdb00-0856-471e-82f5-911e0416467e.svs,8.844971301849425,-0.250383076576749,0.01764607945514187,0.37411420302086673,0.12850214306398094,0.0138643496325432
TCGA-BR-8362-01Z-00-DX1.178c994d-2cf5-4385-a807-fc08e0cf10f6.svs,8.489285461644734,-0.08079670147780954,0.07307871585687617,0.5229088756362839,0.10795926751320253,0.034642385252034724
TCGA-BR-8080-01Z-00-DX1.bd4c0cc9-5baa-4cd0-990b-1f2ce0a19a35.svs,8.771273582050389,-0.070992828206806,0.04701078089753318,0.460083772820894,0.08600108264122616,0.029098384912673334
TCGA-CG-4474-01Z-00-DX1.b98d7365-75b1-4c90-80e0-fab8b354f411.svs,9.003633150243841,-0.15525099763449846,0.008366117514045878,0.3776164713177755,0.11895520066813478,0.01121807713067045
TCGA-BR-8483-01Z-00-DX1.0ddc4003-6d59-4b2b-9448-2755120de9f2.svs,8.837770283303055,-0.05064261022636842,0.05449920651490991,0.45007555180850634,0.08004317614695454,0.03050346204953699
TCGA-CG-4476-01Z-00-DX1.04f422f3-317a-41a9-af82-3ff43d823b6f.svs,8.910832073329166,-0.18118551336817157,0.014952645701667266,0.43588484781129927,0.1278183614012373,0.015024793949624377
TCGA-CD-8534-01Z-00-DX1.54F0CB0F-5A93-4382-A507-2DEFDBBE05F5.svs,8.330713940723207,-0.08831035870438106,0.08321363613072182,0.6835557341172455,0.12457346048615116,0.042706607325081775
TCGA-CG-4477-01Z-00-DX1.298d0c11-7e95-4c72-8446-a2cd5a87667f.svs,8.723352527387206,-0.26934122410346795,0.007437613592188511,0.4957266004436697,0.1601277171197215,0.01493688849602589
TCGA-BR-8371-01Z-00-DX1.89838852-2ec7-491f-bc29-2cecbda401df.svs,8.805517833891146,-0.035779894851975386,0.05680435387850214,0.39889877848330585,0.08139553785667748,0.029263697612378722
TCGA-BR-8361-01Z-00-DX1.1b4bb384-c462-453a-97b4-663dbba4a464.svs,8.36531818493065,-0.12686651959102416,0.05983461211286851,0.5555864835992033,0.10444755971507555,0.022816813258341194
TCGA-CD-5799-01Z-00-DX1.ce4c1cea-febc-4274-af53-e7853dcf8864.svs,8.689368683040621,-0.09639013398783201,0.03300827936528109,0.5080692288977496,0.08554342197432477,0.02432898936836865
TCGA-BR-8296-01Z-00-DX1.0f4638b7-a38e-41f8-96e0-3e3a72cd2c10.svs,8.57937267403872,-0.0728810217450195,0.059585167992836835,0.506767305698565,0.10764940550253736,0.038156237964991443
TCGA-BR-A452-01Z-00-DX1.049385EF-FF29-4124-800D-A3FF525A85A0.svs,8.62017043593688,-0.037296963750894585,0.07439976881232883,0.49322958714908044,0.10784693776104985,0.03476709234828206
TCGA-CD-8526-01Z-00-DX1.499C498B-2D4E-4285-AD07-162788E87579.svs,8.288989408304072,-0.11381381709116546,0.06738474757332773,0.6239157584841772,0.11356721973777507,0.034296703242263825
TCGA-BR-A4QI-01Z-00-DX1.68312256-CBC5-4350-B4AD-A5990948BCB8.svs,8.647584128264333,-0.040921221183119465,0.06820300010490213,0.45078623052394123,0.09237403761491046,0.030305502365649117
TCGA-CG-4469-01Z-00-DX1.005fafe8-ec9e-4283-95e4-f3cea0ac2365.svs,8.600569015167686,-0.23773823530217156,0.013676833219143926,0.48144659708969995,0.13992017351629243,0.013488234476130867
TCGA-D7-6817-01Z-00-DX1.c1c7e7bb-2811-4034-8da8-af527377a711.svs,8.454655851480261,-0.05276515690982514,0.07007173533334173,0.5936503740549226,0.0831149222586311,0.03865195922390214
TCGA-BR-A4J2-01Z-00-DX1.37D92442-6B00-4171-81E3-73A7FC6BBEF4.svs,8.60524228098306,-0.05448478563283393,0.06095211339736557,0.5279624101868163,0.1098567011276396,0.03127177956007815
TCGA-CG-4304-01Z-00-DX1.65e18165-6009-4820-bed2-23c43baa2495.svs,8.977481562904964,-0.182252669641133,0.009193921504344013,0.3255093134394533,0.10956293944070265,0.010751446740210122
TCGA-CD-5800-01Z-00-DX1.a384bb17-10bd-46af-bf64-442b3c6c0c05.svs,8.027264933594745,-0.12130185026681124,0.07314286643629912,0.8492227719177862,0.23281957434718387,0.051904269967300874
TCGA-CD-8528-01Z-00-DX1.DE29BA05-ABCB-44B4-8CD9-D10EB3D71FBB.svs,8.42539981605435,-0.15466766930362602,0.03265669267979941,0.5126295964516785,0.11487639415862452,0.021559409868212625
TCGA-CD-5803-01Z-00-DX1.8d786276-18f5-4017-ba30-79e46b2da513.svs,8.199179083784482,-0.05947817497630485,0.0927832385177144,0.5473766608074159,0.10529766788434938,0.0372167491909328
TCGA-D7-6820-01Z-00-DX1.fe70ad91-42dc-470a-af2f-ba2e601084de.svs,8.973126867655312,-0.054563822772678953,0.02046392116480261,0.35173191971574813,0.05633793787752872,0.015797459547215887
TCGA-CD-8533-01Z-00-DX1.0C5B7F8C-3AA6-4085-98E3-EC24BE650937.svs,8.474667576860632,-0.13960791563911476,0.03843790076128035,0.7005076378404458,0.1378192687194585,0.026875542687149197
TCGA-CD-8536-01Z-00-DX1.365BF36B-69D3-491A-8126-D08060950CF2.svs,7.674546972776576,-0.1856542064252394,0.10895313603827342,0.6704850625598264,0.13924792730443422,0.037554806665682616
TCGA-CD-8531-01Z-00-DX1.9F247853-F16C-4B5A-AB37-E781331EAB1B.svs,8.309447935499293,-0.05443658120888103,0.09093122023165956,0.4889218892049675,0.07089175016354658,0.03537109205629955
TCGA-CD-8535-01Z-00-DX1.ADD3D8B1-FECB-46C1-940B-7D261723D850.svs,8.133523253620258,-0.08519538112417238,0.0985593743057866,0.6915108204019969,0.11668767992508253,0.03984840870781881
TCGA-CD-8529-01Z-00-DX1.C3BA5482-04EB-4E1A-BFFA-5461489B5792.svs,8.616424602533105,-0.06754084456265413,0.048892397010747886,0.5650531609902437,0.07440169009507884,0.031627863737901926
TCGA-CG-4465-01Z-00-DX1.94a5e10c-2d21-4b3d-84d2-3b74d17ad088.svs,8.75448293238563,-0.27065458938586434,0.013356064056055805,0.44668175661255394,0.14993722989418218,0.015529958372398872
TCGA-CD-8524-01Z-00-DX1.DECAC3E1-31F4-4D7E-9ABD-8E0CF27DB4B9.svs,8.270771288174773,-0.17027420406410385,0.04420884587107375,0.763669961857725,0.15757614237913256,0.03167571948643973
TCGA-CD-5801-01Z-00-DX1.2afa1c89-0f17-4f75-9cf0-2cde4aca97d0.svs,7.792577659727707,-0.2588309198713978,0.06877805595359546,0.7912228933394259,0.19006776775961243,0.03289025562187651
TCGA-D7-6822-01Z-00-DX1.b583410e-fb5b-4a57-8215-eb7eeee3645d.svs,8.896361325543346,-0.07770560156679641,0.01908965018805442,0.4249577177175146,0.07274753636579276,0.016945841912600828
TCGA-CD-5813-01Z-00-DX1.a9b5e164-af59-4834-99d2-a3fb0d430def.svs,8.62978244793814,-0.07995541852384169,0.055751357949801475,0.5998263916199158,0.08999760703271233,0.04002724496892801
TCGA-CD-A489-01Z-00-DX1.AB03DA27-6A86-41C7-9305-E5400E6C47AC.svs,8.491308673224161,-0.030485546533757627,0.07485483148196435,0.5136270045755911,0.0894385555589926,0.039860258481001935
TCGA-CD-A4MH-01Z-00-DX1.5594817C-6E68-4D29-8B77-5133C321FB75.svs,8.031847145754503,-0.0645758978939518,0.09393267249035472,0.7262910331255857,0.12451227408274242,0.04090496586811813
TCGA-CD-A4MG-01Z-00-DX1.CFC4618E-DFE9-4AAA-AD42-E1CC97374020.svs,8.302185738276336,-0.09320371709603699,0.07154427527074819,0.5933455910359499,0.11209207751367392,0.033346511382869495
TCGA-CD-A486-01Z-00-DX1.6FFE81CA-9074-44BC-B619-85A73BA61A2D.svs,8.446356461376357,-0.023265174860091987,0.07619158312791441,0.5256134924112285,0.08020795826906527,0.034410772961690365
TCGA-CD-A48C-01Z-00-DX1.2AF2A65B-6F81-43F5-AC0F-06EAE3C567F3.svs,8.038102439301438,-0.07313158007607594,0.09558023018349537,0.7172672894313364,0.12310167518566903,0.04360637873161035
TCGA-CD-A48A-01Z-00-DX1.C4416A6F-38A6-4743-990A-CE27923A2067.svs,7.850915087225338,-0.09402343427965103,0.102411608725681,0.6590493008125428,0.13486414281009373,0.0387847668422389
TCGA-CD-5798-01Z-00-DX1.e90ed362-86fc-4938-ac48-e98eef081342.svs,8.414865114161742,-0.060037752098201703,0.08479706585238471,0.5439280789785371,0.10024953106760319,0.04241171622314984
TCGA-BR-8285-01Z-00-DX1.8d926a43-0e57-434a-8968-de8ccf749d2e.svs,8.558787260786708,-0.10214208618729004,0.05968707166477796,0.5542779646320326,0.11353790965317796,0.029613763315417655
TCGA-BR-A4PD-01Z-00-DX1.F89DB0AC-DED8-4941-80A8-0C7975571C3C.svs,8.237644325263469,-0.08891695555032288,0.08237392981480361,0.5190832321180731,0.10478009029266647,0.028047540522837547
TCGA-D7-6818-01Z-00-DX1.c0709e0a-3e53-431b-a1e3-259ad84497f6.svs,8.74907780818146,-0.07094762333244282,0.03751860066011651,0.39415823806584654,0.06682841229578643,0.022770212562586798
TCGA-BR-A4J8-01Z-00-DX1.40FF4C05-E9BF-412B-93D7-5E0CDCDAC4B1.svs,8.71806583831205,-0.04796074844114523,0.05933045828080252,0.4477556401315536,0.08865321893618039,0.02653756365592832
TCGA-CD-8527-01Z-00-DX1.B03F39C4-F5F3-419A-BC2C-437EC56EFEC2.svs,8.030606114809968,-0.10999196735539978,0.10389652089069269,0.67839877630937,0.14367771545667074,0.041804882230443055
TCGA-D7-8570-01Z-00-DX1.0B435CEF-B653-4D10-B2BD-6F9576C94389.svs,8.333989195426408,-0.14226490059619554,0.05411985586194794,0.671620326919899,0.13418584401524458,0.026974735857930976
TCGA-CD-8532-01Z-00-DX1.13868263-2259-4D74-8263-A79338BDE5A7.svs,7.955553724796881,-0.18472529057845155,0.08262630369116987,0.7689262857054366,0.14987642633657888,0.04103323716921533
TCGA-FP-8099-01Z-00-DX1.82948449-f540-49f2-a99a-d66da5eaaf4e.svs,8.625233066248377,-0.08417968991505785,0.056545674703048984,0.39559263718126075,0.07242593036375775,0.02246753371676958
TCGA-BR-A4J4-01Z-00-DX1.06376906-1008-433B-BD90-B5697B0BBEE3.svs,8.71487929304143,-0.04968366988401739,0.056091252209068646,0.44749349019056744,0.08771512696737968,0.029833606916678756
TCGA-CD-A4MI-01Z-00-DX1.67267177-498C-4835-A95A-FF8C2A9DDB97.svs,8.45311390759597,-0.051061161798143254,0.07528377951526903,0.49885746658270946,0.08800727753659505,0.033849787467906955
TCGA-CD-5802-01Z-00-DX1.d188b861-af3f-4493-9f12-d3712055644b.svs,8.150554193721726,-0.0676513969478789,0.08553127117307947,0.6732243936298571,0.10841275430338726,0.04234159113011162
TCGA-FP-7998-01Z-00-DX1.9f24585a-d609-4094-8170-b0f483606a18.svs,7.678432507707761,-0.28920510919322706,0.061165366813833645,0.6994498282443141,0.16203559625543676,0.02982920801237567
TCGA-BR-A4PE-01Z-00-DX1.9C427636-8A7E-4D4E-9773-5C5D9D0C617C.svs,8.341301327217058,-0.09132215225805053,0.07432878284261929,0.5885487614362608,0.10830115236839527,0.03275530692766582
TCGA-F1-6875-01Z-00-DX1.F9E009FF-3213-4CCC-9075-C04B1E62A524.svs,8.438633937130403,-0.1463543314922809,0.07959977940321475,0.55616671869073,0.08410678882794492,0.0363929837713424
TCGA-CD-A4MJ-01Z-00-DX1.0F0094F7-0D4D-484E-B31D-FDCDE8BC1440.svs,8.146588836042516,0.0017830951199340895,0.11052759676882237,0.5494572432536248,0.08251607884661061,0.04436057000368859
TCGA-FP-A8CX-01Z-00-DX1.AD598CBF-2E0F-4285-A2BB-E9CE0EE1873B.svs,7.989588241952483,-0.2256645418174917,0.04310608935668308,0.706704959089834,0.14278071091905717,0.032907752102211946
TCGA-D7-6522-01Z-00-DX1.037aabb6-3546-44d4-991f-d7c5461b83f6.svs,8.427902831248389,-0.01067484013156089,0.07912616591000667,0.5697066549311409,0.14322129605771597,0.04298049074281108
TCGA-FP-7735-01Z-00-DX1.97aac46a-898e-4c43-8c93-1496f40c43ed.svs,8.504438268980543,-0.11301748748940371,0.055029546172806455,0.43578815195202575,0.10362127783203048,0.028706958189635704
TCGA-FP-7829-01Z-00-DX1.22253191-e487-46f6-b743-d7c44ad01f4c.svs,8.546771449597504,-0.13246047285863977,0.04505442986709519,0.465801063365204,0.09592845420167304,0.02327825349075556
TCGA-BR-A4IU-01Z-00-DX1.4F3CD2B4-A19E-42C5-9ABD-850D80D47E4C.svs,8.666179439836249,-0.03510454763489479,0.0664456953518521,0.46002817865059203,0.0943948479228082,0.029786954780684306
TCGA-FP-7916-01Z-00-DX1.6264d8c6-0ddb-4905-ad0c-146e380ddee1.svs,7.881465293620625,-0.2369506455837181,0.056335213382661994,0.8192833319635429,0.16674383163444137,0.028732810906455172
TCGA-BR-A4QM-01Z-00-DX1.B6333EBE-31EF-4673-AB51-63439E631B8B.svs,8.688834443244126,-0.04044082021896324,0.06603885429481283,0.43609377813219335,0.07957930968096134,0.028582260411417225
TCGA-BR-A4J6-01Z-00-DX1.59317146-9CAF-4F48-B9F6-D026B3603652.svs,8.634261718605627,-0.05233889461915399,0.0653208612227418,0.4842872388165326,0.08520822001143857,0.031088549203662382
TCGA-D7-8572-01Z-00-DX1.E7F9367F-14C4-4561-934D-AE7A778CD13C.svs,8.741473168265799,-0.09557144727248466,0.02166677621700939,0.4564488849368437,0.0895350115772021,0.0153765805939388
TCGA-FP-A9TM-01Z-00-DX1.1BD7C378-9FDD-46F0-B546-BB255079AFAA.svs,8.008958943854111,-0.23396294818185343,0.04456604308227899,0.5611611282959535,0.11859155220681634,0.02254719242758907
TCGA-HU-8238-01Z-00-DX1.AF6FFDFA-85F6-4E1A-AE1B-84A8BF8F12D2.svs,8.629953144869862,-0.07792040676395358,0.05192725329865822,0.5553438670546874,0.08285011163149385,0.02405613419368247
TCGA-D7-6522-01Z-00-DX2.0CEA0837-BBD6-4C5F-87D6-DA93E1DEDDC3.svs,8.954177242349413,-0.0340228261972301,0.028961341237322722,0.3830656533198873,0.06827157051202634,0.019396208847386437
TCGA-HF-A5NB-01Z-00-DX1.CA67064B-3281-4144-A2A2-E0BC43E6F8D6.svs,8.386022085494842,-0.050128203236892266,0.0920626420444079,0.43793347548870204,0.08543226920555991,0.03268241414939386
TCGA-BR-A4QL-01Z-00-DX1.90F74AB9-6A84-487B-B992-BC66B71A4E1D.svs,8.540271993487634,-0.06361917515858634,0.0689850655742482,0.5816738468267852,0.11752397852288904,0.03328679722229998
TCGA-HU-8610-01Z-00-DX1.4F873939-3950-4201-B5DE-20A04A6C9F0D.svs,8.839777271204367,-0.036157977699187986,0.04513940294792257,0.4194866564178726,0.06940973879571978,0.03264486350089209
TCGA-FP-8210-01Z-00-DX1.0ef0fd3f-5968-48ce-9e69-eaae83c29004.svs,8.462662285888051,-0.12719849154341753,0.05822213060407667,0.469278550536731,0.10291195611156785,0.021871867457096298
TCGA-HF-7132-01Z-00-DX1.AD1CA78F-2AAA-41F2-93CE-6DF2AD60ED1A.svs,8.04032485016715,-0.10823630859347845,0.0865324502354506,0.5785614345881664,0.1035813541850101,0.024050238383220054
TCGA-FP-8209-01Z-00-DX1.a5e13081-1631-44d4-8d6a-c229a22c2311.svs,8.66103534532706,-0.10131176090281531,0.04646163628801511,0.4231047946508576,0.08600243413473596,0.021146613452944985
TCGA-HU-A4GD-01Z-00-DX1.7CF261C2-D7FE-4D42-BC4B-BC86B7A802DB.svs,8.68536670372235,-0.07281861547089469,0.04674000290124963,0.5924373292172963,0.07841576509342671,0.026036997849259346
TCGA-HU-A4G9-01Z-00-DX1.806F4C5A-D2F8-4457-B6F9-99B67105C676.svs,8.30272602894754,-0.10261378976900991,0.07036199324296516,0.6777966475490639,0.10904751409750754,0.031327362345222626
TCGA-FP-8211-01Z-00-DX1.3906261e-914c-4191-802c-f27f64840211.svs,8.452584036764067,-0.1293769830795703,0.05773627567610205,0.4836721579006992,0.09397908662820861,0.02276370367336325
TCGA-HU-A4G3-01Z-00-DX1.5D4EB0C7-8E14-41DC-AFF7-ECD43A89139B.svs,8.561901412324485,-0.09226018723298689,0.05135842203848022,0.5919046243954813,0.09827592968594168,0.026751101656053735
TCGA-HU-A4GC-01Z-00-DX1.A4B077E3-E5D0-4120-9C72-87BDACF9AC14.svs,8.936948905822055,-0.04381457887337517,0.029395056234292404,0.4445993605449231,0.06665532919620383,0.017055599160105902
TCGA-BR-A4J9-01Z-00-DX1.BF65A4F7-AB59-4488-A7C1-152C89BEA917.svs,8.655743386876548,-0.03582790687574124,0.06952075177816991,0.43768212165314074,0.07798188033283991,0.03204490812305355
TCGA-CD-8530-01Z-00-DX1.87CBC202-AE6C-408D-A428-DA9023670C36.svs,8.49821277554791,0.011109113910661116,0.08324633956337744,0.6392877879588634,0.07768768747771895,0.053184983991104856
TCGA-HF-7133-01Z-00-DX1.4F84AAFA-47F2-46AB-9F85-1129D441A9C0.svs,8.608874384927663,-0.09456489543598558,0.043664721359489345,0.4888275039836249,0.10290060667675073,0.023180382491530083
TCGA-HU-A4GH-01Z-00-DX1.0BACDE08-5613-428E-BDBE-F2D0D80FD0E4.svs,8.750688521678535,-0.08243559929215312,0.03983650073394172,0.47693789670922176,0.07769757215445718,0.01995040781453244
TCGA-HU-A4GN-01Z-00-DX1.32C8DEA0-3B31-42D7-B3FA-D86DF06F7BC3.svs,8.413695106370985,-0.12589696498684594,0.055206810805682106,0.6111150156208159,0.10930477032273797,0.0256563420141779
TCGA-BR-A4IZ-01Z-00-DX1.8D8B49FE-E60E-4DED-AC30-FD32605E7EAF.svs,8.641156529080046,-0.040688848036527704,0.06564565179827339,0.5089431991785442,0.10650918507513761,0.0328395915117173
TCGA-BR-A4J1-01Z-00-DX1.B4F9F7D6-174B-42C9-AFFF-A088398F18EA.svs,8.301799887082122,-0.12383847847485155,0.0660085061796643,0.7032078155885138,0.16129508768929254,0.033914744268584686
TCGA-CD-5804-01Z-00-DX1.c5c22749-71dc-4812-84ba-2ef6f5a1463d.svs,8.207249423230266,-0.08997981481420475,0.06954502507392046,0.7662348621696474,0.12682114791402654,0.040474218367681836
TCGA-HF-7136-01Z-00-DX1.F8C07BE3-06C7-4202-97C6-10B81D322A16.svs,8.352781765616944,-0.1680201833434431,0.040229835368858054,0.5104444907312258,0.13829232377448947,0.03332369588751115
TCGA-HU-A4GF-01Z-00-DX1.2754343C-7875-42C4-B4E3-D2B8666B1E47.svs,8.07434259672882,-0.1122747897555981,0.08894979197043948,0.6989990477797239,0.14074359281259677,0.038816043457015365
TCGA-HU-A4GJ-01Z-00-DX1.31E71066-5B7B-4866-97A0-0B7B03E6B4B6.svs,8.753714041765429,-0.09261156975046388,0.02882000160943683,0.530489404160907,0.10119713731040625,0.015360405725173035
TCGA-HU-A4GP-01Z-00-DX1.2028C25D-2547-4CF3-9863-DEA1DCBD0DE8.svs,8.624707832456076,-0.07889835778192256,0.053599088385288374,0.5872149210952142,0.10419792625451929,0.026552323484433104
TCGA-HU-A4HB-01Z-00-DX1.445FEB47-B91A-4186-BBE0-01FB7AA6A72F.svs,8.64362429969345,-0.10021085282694608,0.042414890472983385,0.5845250552409958,0.1029395894408833,0.02194466486900009
TCGA-HU-A4GY-01Z-00-DX1.79A487FD-BA95-4051-8E4B-BE1502946F4F.svs,8.60436804146793,-0.06570601559233523,0.0616207475524514,0.5718508046957731,0.0803054424100279,0.03145437054280669
TCGA-HF-7134-01Z-00-DX1.A84E2A6E-05F4-4A4B-8F64-9B9D1B33838E.svs,8.049979713778406,-0.10433410457112201,0.09330699012733298,0.49220043085693777,0.13553308143598694,0.030378919664834064
TCGA-EQ-5647-01Z-00-DX1.e71da6e6-dd3d-4fb3-b1ba-ada25e6319bb.svs,7.876000637994479,-0.21537023690363263,0.06856528860931539,0.6023732981609669,0.1342244795254758,0.027212133395409045
TCGA-BR-A4J7-01Z-00-DX1.95C74F68-FA18-446D-934D-296D9215D500.svs,8.623808096180735,-0.056578515375322415,0.06177711390091547,0.5638601618855135,0.10368834079864753,0.03788671939082927
TCGA-HF-7131-01Z-00-DX1.8A90BB8F-039E-41ED-9BB0-286F5CC9F6E4.svs,8.513187019605573,-0.12871500007168468,0.05199181927704988,0.4021761697060705,0.08478915205054396,0.02053383650317857
TCGA-BR-A4J5-01Z-00-DX1.C7D0D294-0280-415A-A8BB-ACB3177E5A0D.svs,8.679416512538939,-0.036250943448598215,0.06346574418331118,0.45623564489419327,0.07992440601607628,0.031068014326706275
TCGA-D7-6518-01Z-00-DX1.227f4361-7393-4276-801a-a395617a15e4.svs,8.956776115013081,-0.032667326212668275,0.03466969423073548,0.3107558520188759,0.049899913645914354,0.01804947873356016
TCGA-HU-A4H8-01Z-00-DX1.8FEBBDCF-4E6A-4D90-8DEA-5E1D031DD50A.svs,8.33151308695163,-0.03131855512762053,0.09346425407363232,0.5590860365767156,0.06254800754884296,0.035240458308653154
TCGA-HU-A4GU-01Z-00-DX1.3D4767B4-DDCB-4D80-A810-144427E73EDE.svs,8.426694458671795,-0.117375471539776,0.05649261798383149,0.6643660423112344,0.12266829576571572,0.028096221593932363
TCGA-FP-8631-01Z-00-DX1.8804336F-7DE6-4401-80B4-AEFA752C11B2.svs,8.702395620075858,-0.0898288108893523,0.04628538677975909,0.37607105445854777,0.08249523501267494,0.027829446813312946
TCGA-HU-8245-01Z-00-DX1.A744EA82-996C-4042-9CF6-27480217DBAF.svs,8.528304850860543,-0.08707762042670127,0.06034049021082048,0.5808089077823348,0.10982922349601733,0.031078165855757293
TCGA-CD-A487-01Z-00-DX1.A026BD2F-B721-4340-83D5-7AA39227C90F.svs,8.31137504399495,-0.04026037263826469,0.08673381054396835,0.5623673371252182,0.10684908104939948,0.03951106396604743
TCGA-KB-A93J-01Z-00-DX1.CF87A80C-609E-4064-9C59-BD2A211A886A.svs,8.575277138106642,-0.0844018621704084,0.046137416529272314,0.43100153609406394,0.07867002139098554,0.017163311680438356
TCGA-HU-A4HD-01Z-00-DX1.A6BA5209-C593-4B87-ADD0-65E05072294B.svs,8.70844852835113,-0.11666976885548784,0.03718974176441174,0.5006955036387561,0.08601514599972293,0.02357724607210313
TCGA-D7-5577-01Z-00-DX2.FFE2889A-1E01-4D57-9B81-671465A1FB21.svs,8.921352885831094,-0.0490295027825108,0.02483146733636171,0.452154634420837,0.08390809511463515,0.01930454661143056
TCGA-D7-8574-01Z-00-DX2.0824C6C7-B086-4D9B-94B4-FC1A49805700.svs,8.777350933150574,-0.06678639729335502,0.021996026206459296,0.4986804841937113,0.08976459241179433,0.017715211008538043
TCGA-HU-A4GT-01Z-00-DX1.F4DD9EAC-8CB8-430A-BF7B-1D43C17FEF61.svs,8.286402651538186,-0.0977422543006876,0.07703932194003711,0.6755209082241007,0.1153653658532813,0.0356798746077465
TCGA-MX-A663-01Z-00-DX1.EBDF2119-63E3-4DA5-B661-440A461904BE.svs,8.599068215627177,-0.10576301028665035,0.030981069563848752,0.6224896318962742,0.1062173786755553,0.02568808107722456
TCGA-MX-A5UG-01Z-00-DX1.DEA1C553-B7E9-4663-A02B-51C31411C7C3.svs,8.113010289255264,-0.16495796894962406,0.040916049616800364,0.7844424029412415,0.1427399090180798,0.026857895135566866
TCGA-KB-A93H-01Z-00-DX1.6DDC5002-539A-4F47-BB74-524C3FFBB700.svs,8.187121259097692,-0.14291557140022615,0.06332519260871619,0.7930760388300981,0.13366769353231506,0.02440642189058166
TCGA-D7-8572-01Z-00-DX2.13383FD3-B864-4578-8832-56EA1916FA86.svs,8.114624420200885,-0.17560596474569992,0.05603633849865916,0.7179141759948954,0.13856692849112412,0.02535756094674451
TCGA-HU-A4GQ-01Z-00-DX1.699A0E57-FE02-4329-9826-3EFC2DECD408.svs,8.660368979903016,-0.0849375212236838,0.05187517971082162,0.5194714766045216,0.08808406262477671,0.024998817252520792
TCGA-EQ-A4SO-01Z-00-DX1.9A41602A-AAAE-4522-9DAB-73CF25FB8756.svs,7.932718674961081,-0.1680270784447062,0.057714124997035605,0.45888036905992563,0.0921187874381465,0.021395521653474914
TCGA-BR-A4PF-01Z-00-DX1.43DBDE88-34C4-494B-9B47-473ED525149F.svs,8.604904559064463,-0.07878221099538578,0.05305715669644431,0.46427712805637494,0.09608106428517559,0.023675307378519684
TCGA-D7-6524-01Z-00-DX1.ec1248f6-7d22-49c5-8300-673d25819e1d.svs,8.892079830305729,-0.019791376689113037,0.0372344354082882,0.36549367542354005,0.05334515751932626,0.02267109176426203
TCGA-HU-8249-01Z-00-DX1.6579F0D5-6A05-49A3-9B30-68059599EADE.svs,8.495709049885148,-0.12694343583409937,0.048368167114120675,0.6404406881882189,0.13054990377662123,0.02774757860098442
TCGA-HU-A4G8-01Z-00-DX1.EE169E90-3A32-4210-95EF-0B94083112EC.svs,8.277197078039213,-0.1406631494319334,0.06420333957441693,0.7733719932581716,0.15309027973468495,0.03688773833944841
TCGA-MX-A666-01Z-00-DX1.BBF0F62A-803E-4D05-A8A4-454D7BA15941.svs,8.457716579356353,-0.14350193852696216,0.02658836061559034,0.643387011987461,0.10728791560427695,0.017803062918507778
TCGA-D7-8578-01Z-00-DX1.902BBFC1-2456-4718-9A5E-2FD9AE47AF44.svs,8.791434835721127,-0.053295974694810205,0.032971564578490264,0.4476601789268625,0.0838100896641937,0.02017036192267358
TCGA-R5-A7O7-01Z-00-DX1.89156AC0-4A5F-481D-9D5A-76B3751585F7.svs,8.721421611372648,-0.16044541732916923,0.028443171587547264,0.4961923460517945,0.1075105149854783,0.017688602834306115
TCGA-HU-A4GX-01Z-00-DX1.0F1A15D3-2C6A-4F16-8D9D-CF44179AB161.svs,8.450066485341454,-0.07462660012112339,0.07659825874769922,0.5638436504449705,0.08835351634601017,0.03238276953942777
TCGA-D7-6521-01Z-00-DX1.928f6bc8-8283-4195-9cd7-6d6eb72bb68b.svs,8.965525730278365,-0.012896339022266529,0.028424941493603438,0.35705504166364593,0.0473539534666745,0.01839289934935579
TCGA-HU-8604-01Z-00-DX1.F358D894-D9C4-49BF-8B9F-F80DA11BBC5A.svs,8.574664425041858,-0.11491423679656411,0.043176489661522016,0.5684405981719223,0.11271366215429171,0.02476694551325682
TCGA-D7-6820-01Z-00-DX2.8847C420-5C25-4716-B467-1CD2687F4484.svs,8.397526948511379,-0.06731259381233543,0.0666799666685492,0.5050142109212471,0.09661216681865636,0.029858239524668078
TCGA-D7-6521-01Z-00-DX2.3742698F-7643-4A73-8524-A46EEFFCD761.svs,8.993470680887317,-0.00898078365809244,0.02733246576722086,0.3645623603041798,0.053579878170361646,0.018756222982814014
TCGA-D7-6520-01Z-00-DX1.c65fcb6d-72c1-44dc-a056-f54c9130e0cb.svs,8.97033810710064,-0.0454607377669223,0.026475719155101177,0.36176554822381674,0.05920908935478136,0.015377771671953503
TCGA-R5-A805-01Z-00-DX1.855298CD-DC64-4423-ABB1-D7AC92BF5177.svs,8.883104811655642,-0.0519296307850242,0.029498339746069288,0.2954639600125326,0.06309623748973005,0.012365203294804167
TCGA-R5-A804-01Z-00-DX1.D1DDC2EE-C3ED-4502-B1C1-71D5585E9470.svs,8.824396012716283,-0.05973118618569383,0.028608175218418668,0.43423812810362816,0.0859433144788316,0.01835912291253287
TCGA-D7-A6EV-01Z-00-DX1.98BA866B-19A6-4ECF-B51E-F811F5EFA8CC.svs,8.854181073382694,-0.09069220889000196,0.017766615695673667,0.42330053856412125,0.08314822368690389,0.012370043593972431
TCGA-R5-A7ZE-01Z-00-DX1.0E7DCE3F-E2A1-4F98-BEBF-E08DF2BF2FF3.svs,7.998150146395968,-0.21008274371380484,0.04069292189487098,0.8159720945737916,0.1663175909460254,0.031833955641899433
TCGA-D7-5579-01Z-00-DX2.092BDD5E-3D0B-442C-ADE1-E684BC658D2E.svs,8.915289274452451,-0.022453789829740414,0.04013601210058596,0.4141271479491301,0.07343375016923483,0.02875826567034327
TCGA-D7-8576-01Z-00-DX1.102C35FC-8CA4-471A-86E9-5C5526178928.svs,9.077252750251473,-0.041165750189693866,0.009864251968025876,0.3328591852479869,0.05948030656447709,0.009943163633179654
TCGA-D7-6528-01Z-00-DX2.8159A49E-A9A0-4AA8-83AA-96E49D1DB8C4.svs,9.033860667726298,-0.049245703419315404,0.01300096061344255,0.3162228630613483,0.06158857968714396,0.00957076646274002
TCGA-HU-8608-01Z-00-DX1.F40770A6-9384-4381-B6AD-2C488915E73F.svs,8.307348493771693,-0.14840080201813716,0.05676723294603863,0.7515169373101298,0.1511197924750984,0.034047732133120547
TCGA-HU-A4H5-01Z-00-DX1.3A56E0D3-7813-4708-9A69-37D141533C2A.svs,8.344434553456146,-0.11177292841908293,0.06674841508053295,0.7317479958690136,0.15110994094554842,0.03538032662932953
TCGA-D7-6519-01Z-00-DX2.D42BA621-1099-4C4F-B691-B124F871A1CB.svs,8.662653100258256,-0.080376629521414,0.04203542399997034,0.5018292665500153,0.09548852118382341,0.024415953849806927
TCGA-R5-A7ZF-01Z-00-DX1.F08C5EC7-7292-4FD6-92FF-73192329C2B5.svs,8.166134367284755,-0.10838975499040762,0.060523898598940584,0.5902841860817268,0.20662288693095282,0.04856404897454822
TCGA-D7-8570-01Z-00-DX2.7447681C-7F88-43F4-BA7E-655DDA02ACDE.svs,8.655710513557239,-0.10331535953481945,0.03142229598319642,0.519300006714824,0.09893725832327203,0.017548739340610933
TCGA-D7-A6EX-01Z-00-DX1.03BECFB9-A4B2-4B43-99F7-C49850796F31.svs,9.01008099223478,-0.04543141431774674,0.01766268288193103,0.33741714041574694,0.06401536863461998,0.014060459139421673
TCGA-R5-A7ZR-01Z-00-DX1.3E6B0708-D1AF-422F-B7F8-BBCCCEEE89B7.svs,8.562187235564219,-0.09597108398997645,0.034646043432144454,0.46674307546645055,0.09831354048875802,0.019335692432025896
TCGA-HU-8244-01Z-00-DX1.EF15C805-A823-46EA-B737-2EC4A8C5C278.svs,8.321028167403197,-0.13252064056331828,0.06266293258665431,0.6471748544188306,0.1300093087576385,0.03161910613568257
TCGA-HU-A4G2-01Z-00-DX1.3465DA31-CB55-4D7D-9897-34D2AD5497CB.svs,8.635867742564937,-0.08981253162265115,0.04783863282774756,0.5646253966825543,0.11015975486190156,0.02691611795829819
TCGA-F1-A72C-01Z-00-DX1.9E02D497-97BD-401C-AFA1-AC2CFE3E8592.svs,7.705147597759022,-0.20684315846494028,0.06111439391563112,0.5832363579887977,0.10864744935935856,0.03346170512619996
TCGA-RD-A7C1-01Z-00-DX1.217B7632-39AC-41E1-8491-20C700B08AEC.svs,8.653099267474412,0.027946592267543688,0.0677724182809441,0.48939010047574383,0.07067885526709743,0.028611907050541667
TCGA-FP-A4BF-01Z-00-DX1.D4E8128B-A783-45ED-BF0E-93650F9483EC.svs,8.674958102306649,-0.08767822311894671,0.05096743412474195,0.3770624138100647,0.0736188539195916,0.02645660170514246
TCGA-D7-8574-01Z-00-DX1.72155AB8-7B77-46D1-85B0-EACABCD25EF2.svs,8.977680619699068,-0.05357275968278585,0.01267674143916892,0.36413564049317526,0.06931819506345221,0.010558830918992226
TCGA-RD-A8NB-01Z-00-DX1.FA45D4EF-D5FA-407A-9BF1-44C2A6326F3A.svs,8.633086443770475,-0.005054689791716732,0.061439589171022664,0.44620115604782096,0.08743298943606073,0.027765145053992288
TCGA-HU-A4G6-01Z-00-DX1.83F4504C-B632-4B15-9978-A007C2118563.svs,8.435777111908683,-0.08195649090179075,0.06570257202221842,0.633796104749728,0.1268860583745135,0.03480213167375037
TCGA-D7-8575-01Z-00-DX1.11006AF4-D0CD-46DF-909A-29E345191C4C.svs,9.042442386124343,-0.040040888729063064,0.013165066432630915,0.3118816291733256,0.05836861632864984,0.009799566476343245
TCGA-D7-6520-01Z-00-DX2.60B9C76F-93F5-461E-84F5-C3A3734E5D3C.svs,8.841727272183904,-0.03983066920604493,0.043032168148489425,0.3735842654731684,0.062388275733977,0.02068051689534401
TCGA-IP-7968-01Z-00-DX1.0ECCB946-BE56-4E79-A3B1-571EA929D95A.svs,7.705316610081859,-0.1574662298677562,0.10250696417936504,0.6357419637428737,0.21477050086152505,0.04595036337848004
TCGA-D7-6526-01Z-00-DX1.d954acfe-8efc-4ab7-965b-edc8c3afdfc6.svs,8.748962761173502,-0.06616132033389406,0.041271204450481755,0.48707076006085764,0.06975178833149373,0.023786454917689437
TCGA-SW-A7EA-01Z-00-DX1.C5E1BE0E-0A25-4480-A3AC-DB2ED7471A4E.svs,8.077806911867508,-0.12883552365751547,0.07389508954832653,0.5520489437216224,0.12181491528744473,0.02323148567765265
TCGA-D7-8579-01Z-00-DX1.BFA005CC-E2B4-4A36-9C84-5F51F0526856.svs,8.960314781095434,-0.04386935684792641,0.025108480684397395,0.3314783306981419,0.06266807086557087,0.013869164726260659
TCGA-RD-A8N1-01Z-00-DX1.A5D023FB-CBF8-477C-B5D1-8281BAA25E2E.svs,8.74677992192935,-0.008929340198592303,0.057541163074536134,0.44401324017612265,0.06868100305990889,0.026409832161130055
TCGA-MX-A5UJ-01Z-00-DX1.936F7641-740B-4246-BB2D-C8443501CF50.svs,8.701143297089379,-0.04390291857931814,0.04930334437296426,0.4196280061469819,0.08412679726322332,0.030217500612671234
TCGA-D7-A74B-01Z-00-DX1.F7A13A7F-2812-43D9-A101-E1BFEA8B3454.svs,8.841227512834747,-0.05000064150916404,0.02717105720768165,0.39618114360204004,0.06855291421520207,0.01585315341523641
TCGA-D7-8573-01Z-00-DX1.8A579441-BC90-4CAB-8199-15580DA5ED87.svs,9.035424808288136,-0.03734257534530833,0.01829792772521381,0.3066479516904733,0.0640402164140095,0.013918635444040478
TCGA-D7-A74A-01Z-00-DX1.ED9A8AA2-7D69-462C-8544-587783F15DB5.svs,9.024139530439886,-0.03446081709949624,0.017749545240599917,0.31519240084053646,0.05529891442477079,0.012746848375275956
TCGA-HU-A4H0-01Z-00-DX1.85BE7D40-ECB6-4450-B7B0-C65BE5495784.svs,8.423804530146308,-0.12401595972699202,0.054036337694756124,0.7360970156283959,0.1478898476423767,0.033327643724207164
TCGA-D7-A6ET-01Z-00-DX1.A4FF5141-6B2A-456B-9EA2-E5DE72156647.svs,8.92385779277253,-0.06699364165576069,0.020673042687988037,0.38118907500230276,0.07313409042062463,0.014010625068084816
TCGA-D7-6519-01Z-00-DX1.5f7dcb29-030f-4011-affe-47dab4b9da03.svs,8.832583785557105,-0.07639582949819125,0.02641409587109641,0.4189254709698763,0.08237817040919718,0.01882226894590519
TCGA-HU-A4H6-01Z-00-DX1.0DD51B66-A983-44F4-9753-03ED9C606E77.svs,8.655313000402645,-0.07020813331290168,0.05236644079360763,0.574954745325409,0.10726781492538028,0.031105918566230805
TCGA-D7-6526-01Z-00-DX2.8846E328-5343-4A95-A77D-3827F443A989.svs,8.725771512354978,-0.06223203983711835,0.04898456130076393,0.4269668074672993,0.07216800813936997,0.025982141628923913
TCGA-R5-A7ZI-01Z-00-DX1.3A4A56F1-1CFD-441D-85F3-52DDA0B346A5.svs,8.447205059073681,-0.13475635429600602,0.04162297550779205,0.5911342902967637,0.11953189751673934,0.021082252856735057
TCGA-D7-6822-01Z-00-DX2.4085F597-DD0C-4793-9586-CCC73382986B.svs,8.119974739754706,-0.04995091892010698,0.09890178045373357,0.6912330833647166,0.12610109087623006,0.045758904497840876
TCGA-SW-A7EB-01Z-00-DX1.E9DE72F8-706D-43E2-A67E-7EDD39A509EB.svs,8.062184831146721,-0.15973476908804254,0.07213991966622238,0.7060971529058906,0.1352196226954819,0.03277849940314881
TCGA-F1-6874-01Z-00-DX1.3dfb0e10-3650-4c05-a27b-866fb6a304ff.svs,8.226321105093646,-0.13685181522211015,0.05975315176796538,0.5322523471574563,0.1219399548956442,0.024879955420796906
TCGA-D7-8578-01Z-00-DX2.D71657BE-72D0-4EEC-89D3-E83934A0F919.svs,9.01388373908992,-0.042752200912465614,0.020666043015530714,0.3288124137723294,0.0578934558107976,0.013121861498902175
TCGA-D7-5578-01Z-00-DX2.715B0263-C855-4C4F-8A53-16B0CA9432C8.svs,8.897666276542166,-0.06602127734753094,0.019150122665781897,0.5997730146740735,0.086129090187137,0.014108548729954385
TCGA-D7-8573-01Z-00-DX2.703306C5-7D46-4E3C-833F-22D1FEF7C6F6.svs,8.49311782348547,-0.09929873680586886,0.04409296118545,0.5681396619471097,0.11105640813198081,0.025930371023836423
TCGA-D7-A747-01Z-00-DX1.A6BA5DAF-6220-4D85-B6DF-C0220FBA7170.svs,8.6466727928492,-0.07766333086076393,0.031894055008639455,0.5961151265528787,0.1229395118272852,0.023011699419061237
TCGA-F1-6177-01Z-00-DX1.7687CABE-8984-4396-882C-978C15F66401.svs,7.583084792925138,-0.2906785586814926,0.04188565992408325,0.7506068263134925,0.16276297280481758,0.03287017139072766
TCGA-D7-A6F2-01Z-00-DX1.31D8B3CD-7F63-474F-9B1B-E884C4CA9C61.svs,7.798571955968281,-0.1382487010933671,0.02965194205329584,0.900062900330784,0.13419978033299676,0.024007237959308484
TCGA-D7-6528-01Z-00-DX1.3c2ec0f4-9b8f-45c5-920d-5afe55890219.svs,8.955869136760036,-0.055060397083623695,0.015287952753907834,0.4130553196212055,0.08512963349611878,0.01473836823788505
TCGA-D7-A4YY-01Z-00-DX1.D1623D77-0BBA-4CB6-97DC-382BE136A583.svs,8.936654471345344,-0.07760082216055894,0.01702457161523057,0.40317035042698074,0.07878680260886417,0.011325081712639405
TCGA-D7-8579-01Z-00-DX2.9D40DCA2-2711-426C-B5DD-3D897975F4BF.svs,8.791617025926618,-0.06266244082212849,0.03341015131829478,0.4337776025842892,0.07753904163754645,0.018407487974568388
TCGA-D7-A4YX-01Z-00-DX1.54DE426E-7EC0-4FF4-919F-045E38B3C34E.svs,8.597787603016904,-0.0925651152838729,0.03940982617388265,0.5501581557970069,0.0938589502940921,0.024046710785988783
TCGA-D7-6817-01Z-00-DX2.725AB42B-1396-48E6-B37A-62955F72DD0F.svs,9.05591502359287,-0.04214535559244134,0.015628148402520217,0.3257854372217545,0.06375115382496446,0.009770757055623724
TCGA-D7-A4YV-01Z-00-DX1.55DFBF47-1A3B-428F-9AC4-8814F557FF1E.svs,8.83209704569259,-0.09935979048400531,0.014783289232375532,0.4873147091037831,0.10158460917520722,0.01327521529146385
TCGA-D7-6525-01Z-00-DX2.1784F199-7F06-45BB-892A-EFB9009275EB.svs,9.02405725557393,-0.049152841073940245,0.01888195735618935,0.3259274940614538,0.06497233441805576,0.014741110230666234
TCGA-D7-8575-01Z-00-DX2.7505FB70-2931-459B-B23A-4D24B080E383.svs,9.021084567755128,-0.043676627334530024,0.01834965636520478,0.3259166968250429,0.05261625351555678,0.010794408129332222
TCGA-D7-6527-01Z-00-DX1.3149a5ed-2ed0-4ce7-912b-e67bb1c33e8f.svs,8.724890153803134,-0.0831629629328436,0.026999798633506086,0.5206345221270009,0.09253859411185433,0.019407573296271283
TCGA-D7-A6EZ-01Z-00-DX1.BF91B810-86FD-4675-85A0-15DC9CF2195F.svs,8.717859299843942,-0.08773761778755558,0.03323025879354254,0.4879506068786032,0.09443005784055167,0.01827037928607715
TCGA-D7-6818-01Z-00-DX2.3D150EDC-0246-4CEA-8EFF-5811EA8ADA09.svs,8.847704991879393,-0.08040004393180585,0.015810097579135627,0.5009996944782115,0.09582772010799012,0.01370259743847624
TCGA-RD-A8MV-01Z-00-DX1.E658A7D1-8A6A-4BE9-9C89-07B60E9F8983.svs,8.138334931123897,-0.010905813183095412,0.08949897795801708,0.5909018008226181,0.12508661087139814,0.03225329617461415
TCGA-D7-6527-01Z-00-DX2.AC6B9D7B-E289-449C-934B-E15BD593CED4.svs,8.789465013630124,-0.0769826537103236,0.022609546095804324,0.4839020161140391,0.09013147333366398,0.01680345878287901
TCGA-D7-6525-01Z-00-DX1.4c140df7-e1b6-4e10-bf13-0006484d6a4f.svs,8.965035278191127,-0.05706973859104214,0.018809004019654182,0.4075673734190295,0.07639150742440866,0.01956626599709591
TCGA-D7-A748-01Z-00-DX1.CB8D633A-4CF0-4CA8-A8FF-7E8D3A3C7E20.svs,8.893144288935288,-0.06167769192014575,0.01983973009842037,0.4353558550156447,0.0795097589582504,0.014660478647070162
TCGA-D7-A4YT-01Z-00-DX1.645AF39D-1B70-4C46-AB80-7B532994EE66.svs,8.948104529724953,-0.07749175359543861,0.017356122452782837,0.38641288807785357,0.07946205280824559,0.014553070112391422
TCGA-D7-A6F0-01Z-00-DX1.C75CE666-2AA5-433C-BDA4-795B9A6FE8C3.svs,8.063689231936054,-0.12605613480622183,0.0883592404552954,0.625434537864989,0.11997676173368242,0.03310364478793647
TCGA-D7-6518-01Z-00-DX2.8CA8FC09-10AD-4931-861A-25CBCAE9D488.svs,9.015312124531876,-0.028833288903646982,0.029669966957062702,0.31321181634089484,0.05270280809113743,0.016733859249232406
TCGA-D7-8576-01Z-00-DX2.2535E27E-C1AC-4008-B48F-083B6F53AF03.svs,9.102263901362898,-0.044295091130016645,0.008736792730835314,0.31120557949759875,0.0563724534593036,0.006769371889767162
TCGA-FP-A4BE-01Z-00-DX1.813B0887-ED1F-48DD-A2E2-F14EB20D1F71.svs,8.360466857363438,-0.16326369551761216,0.041613980739781016,0.5588814840198815,0.12746902050522,0.021478931416176607
TCGA-D7-A4Z0-01Z-00-DX1.3D9BDA76-6884-4012-AB91-C374F32B58FB.svs,8.93374897315508,-0.060481734409866074,0.02075598605385092,0.4033874783857329,0.06942980919386853,0.015827338104020875
TCGA-F1-A448-01Z-00-DX1.FAEC839E-048D-4A33-9159-DECAEEA21777.svs,8.68985153654212,-0.06139551423905279,0.034975238878696524,0.5501518578986234,0.08404353013552278,0.025741723924648813
TCGA-D7-A4YU-01Z-00-DX1.42DF1586-BD02-4482-AEAF-8F2C1BBB1C20.svs,8.377000418809297,-0.1151801407168229,0.036603867646882955,0.75614514576443,0.1328919174593746,0.024960726135609977
TCGA-VQ-AA6K-01Z-00-DX1.8AF14797-0C31-4DF3-94A4-868EC96E7BB1.svs,8.111870987257916,-0.20396948552128874,0.02615619135307912,0.8715174680370575,0.17195254324741654,0.032572657704126394
TCGA-D7-A6EY-01Z-00-DX1.7E101F3B-8923-4554-AA48-C2493D0F46C0.svs,8.559008475163031,-0.08945362222160615,0.05510742681443123,0.5244603735458868,0.09950762834485169,0.026160784274445754
TCGA-D7-6815-01Z-00-DX1.518E266F-0FF6-4768-85C6-19D77935A537.svs,8.792764546679221,-0.08992977895304027,0.02286609249173926,0.445039573136015,0.09225566563565282,0.013596873669890779
TCGA-VQ-A8E3-01Z-00-DX1.2CEA9979-EC34-48E2-A092-55757506490A.svs,8.46726457165835,-0.13523596780811212,0.04001711456392222,0.6719749583669264,0.14465525867818788,0.023929099623178515
TCGA-VQ-A8PJ-01Z-00-DX1.19F00379-C001-49D2-9B22-6AE0791C8488.svs,8.655885075710163,-0.0710104577290517,0.049667109269811535,0.49997707212770315,0.0948183582511758,0.027212701413627877
TCGA-VQ-A94P-01Z-00-DX1.83E87D6C-D210-4C06-BB5B-49A1F3E14EE0.svs,7.854133047454759,-0.23613318450853849,0.04850690481795686,0.7060963456175218,0.14783211875581714,0.0275407797564777
TCGA-D7-5577-01Z-00-DX1.e9ca39a5-7c5c-4e43-ac89-8652f44b08bb.svs,8.891939092188057,-0.044874358668303645,0.025705638169049014,0.5159472053025618,0.08347404488077263,0.019261809052499
TCGA-VQ-A8DU-01Z-00-DX1.12DD8768-1315-472E-801D-F44A418BEA41.svs,8.569782481698555,-0.12949544045606284,0.0300388740943058,0.6067100041974625,0.13067782852555865,0.021161265064120034
TCGA-RD-A8N5-01Z-00-DX1.EFF443CB-E494-4746-AD03-6C20FCAEB427.svs,8.357614543275806,-0.05403521795046221,0.06516874926369505,0.623876582601822,0.12716083109889795,0.036028836505413823
TCGA-KB-A93G-01Z-00-DX1.050F4602-DD6F-4E97-ACA8-3DE040485467.svs,8.826386256365163,-0.017816486181711343,0.056510993600964295,0.3372006162337087,0.05989692039425721,0.022720359234072708
TCGA-VQ-A8P3-01Z-00-DX1.1B018BDB-5C60-46D8-A014-CE8CA8ADA191.svs,8.591509673181294,-0.07850490305670997,0.0522084137869553,0.5780279279979401,0.11229210439121182,0.02588247399315757
TCGA-RD-A8N4-01Z-00-DX1.03EBE393-9145-4F25-AA4C-E637B6A2A111.svs,8.333470785163875,-0.006915076634384212,0.08922013933957129,0.505798879356956,0.1208876215238456,0.03339422947049259
TCGA-VQ-A8P5-01Z-00-DX1.F3FDCB47-3426-400C-82A9-750012F95B3B.svs,8.314451355862023,-0.0943226690722962,0.07178694728890633,0.6413125292313225,0.13322322650509186,0.030786005764702785
TCGA-VQ-A91Q-01Z-00-DX1.9928DA7E-B36D-4E5E-8F0F-BD41DA588DB9.svs,8.392152303175711,-0.11454899586017007,0.04945161648612491,0.605108843239783,0.12853809902231292,0.02853125182765631
TCGA-VQ-A8DL-01Z-00-DX1.E720AE39-654E-4587-A294-2ED2BCE6F043.svs,8.508519538282604,-0.12672253741945966,0.030702044886502116,0.6577072540498278,0.1337676848611428,0.022776001672034214
TCGA-VQ-A8PZ-01Z-00-DX1.EE25BECD-7611-48EC-B78C-27F5E5BDD5DF.svs,8.45410218773215,-0.06294022678542999,0.06859080076980288,0.6312591541027921,0.12338057218767573,0.032119032806652036
TCGA-VQ-A8DZ-01Z-00-DX1.3C4CB10D-8C8B-4828-B7D4-7058BDF4D39F.svs,8.538777537765624,-0.11322569512088183,0.03474064725372173,0.571842685774405,0.11562041157062586,0.02150106970832094
TCGA-VQ-A8DV-01Z-00-DX1.DB668CCB-E5C9-49D8-9F0B-2548AA1C3E69.svs,8.121524941051684,-0.1500028783760102,0.043912301195387006,0.6632580440124122,0.17994886308219354,0.029305887969848687
TCGA-VQ-A8PU-01Z-00-DX1.8E355321-0F03-4EEF-80B1-9677982C9D2F.svs,8.20192413415499,-0.2020888389853015,0.033116936215540314,0.7341161693724163,0.16827674321524236,0.024629280693947094
TCGA-HJ-7597-01Z-00-DX1.4218e9a0-3ef1-4073-8336-1fe81c0bce90.svs,8.709741607324585,-0.08152602637698575,0.04315244536491477,0.43521602593557773,0.0886155300194703,0.02237622212573746
TCGA-VQ-A91X-01Z-00-DX1.8D0815BF-2430-4471-881E-1E12357ACEA4.svs,8.512174830747734,-0.13027811684057614,0.03534261524140357,0.6444406197227787,0.1343485774968282,0.020493965663140934
TCGA-ZA-A8F6-01Z-00-DX1.89510833-5BC8-4983-817E-0E9244824168.svs,8.411875921351589,-0.15991702712904188,0.052929312627178704,0.5107953487949354,0.12016997583640776,0.03492766027106421
TCGA-VQ-A91U-01Z-00-DX1.84D19359-4AC3-4C7A-BC5B-7B63173ABB60.svs,8.10375139745935,-0.18497001789028894,0.048599625170613926,0.8231147368422201,0.1929066165271922,0.02952211349054163
TCGA-VQ-A8PD-01Z-00-DX1.A9B601CB-83AA-4F0C-BB6D-DD88455FDEE9.svs,8.795123219325998,-0.05939634129518608,0.04158884391473173,0.466491558238636,0.08884220484247268,0.021398063780335624
TCGA-D7-5578-01Z-00-DX1.8216cb00-cc28-4872-aef7-3b9c18e16117.svs,8.994093348045798,-0.05664937771185518,0.014688156426806955,0.36061631420633133,0.07404396137576474,0.011300386278582965
TCGA-D7-5579-01Z-00-DX1.6b638a16-4bd1-4624-a57b-4088214e34a9.svs,8.85857253841547,-0.032810295219130155,0.03897555204833993,0.46045999430619855,0.07112126562231669,0.027500270651668712
TCGA-VQ-A8PF-01Z-00-DX1.D0353D95-5F56-4D33-B3DA-08AF9574334D.svs,8.376644502085716,-0.17528876205536972,0.029595961457203567,0.7190281186541686,0.15634805192729082,0.022138565253244057
TCGA-VQ-A8PP-01Z-00-DX1.46FE6CC6-A47C-47D3-B21B-A17CF1DDAC76.svs,7.927765366102307,-0.11007382086090525,0.09576149595471571,0.7929306601436581,0.1686897688345921,0.03745819094131705
TCGA-VQ-A94R-01Z-00-DX1.4F2367B3-6759-469C-90E5-0660102E86A6.svs,8.07067755254509,-0.24035720625088353,0.02824487313832315,0.6639853040459894,0.1480891908242938,0.024659942935921
TCGA-VQ-A924-01Z-00-DX1.736B41F3-9678-4FAF-AE86-FCAC4F6DCBD3.svs,8.137963078849214,-0.18381948514350477,0.05284463840569662,0.6382965269113039,0.1543196106764064,0.02668360059858928
TCGA-RD-A8N2-01Z-00-DX1.A56448E6-1C5E-4758-AC2E-4591A406116C.svs,8.611559574554288,0.03208944690929865,0.06280876370868978,0.4905776883085379,0.11188000241217161,0.028360131911815682
TCGA-VQ-A91K-01Z-00-DX1.42AFBDC4-809A-4245-8550-DE9B9A11F09F.svs,8.264642796462976,-0.1432128944994966,0.05198929316558583,0.6145029395804851,0.14185343334824038,0.02544290086296314
TCGA-VQ-A8PC-01Z-00-DX1.03BD1821-DB4A-4FAB-AA6A-A8C91E6215F4.svs,8.57857519750687,-0.0685487966441191,0.059682871426820334,0.5251470500032209,0.09189977901103145,0.026559233575573292
TCGA-VQ-A8DT-01Z-00-DX1.C87953F7-A303-410E-9554-2022A79AF6CC.svs,8.634602055700395,-0.10702060937909241,0.03502754310048897,0.5749841016431043,0.12486269110236195,0.02081664549614724
TCGA-VQ-A8PE-01Z-00-DX1.94480121-9AB9-490F-8E7F-77260C6DE0D5.svs,8.391984849427411,-0.09403766789999732,0.06410361966572148,0.6479100940594902,0.12901911291196444,0.030472752026920298
TCGA-VQ-A8PO-01Z-00-DX1.CAF2A0EE-75C7-4AB6-86AC-0397EE1B9FBE.svs,7.996916003648807,-0.13579697553578013,0.08934434248303245,0.7034851541173562,0.15802406032137134,0.03226720531240752
TCGA-VQ-A91W-01Z-00-DX1.E4878B45-586E-46F7-8113-8080149AC45D.svs,8.015154440933776,-0.22952269268696565,0.0356957458905956,0.7050889683204153,0.17720312977130248,0.028835261031254177
TCGA-VQ-A91Z-01Z-00-DX1.14F618B5-D177-4129-A7C1-99373536DE45.svs,8.322378013420723,-0.17170502023750187,0.03601368845213388,0.6190031114234547,0.1476451999230977,0.02142824116289227
TCGA-RD-A7BW-01Z-00-DX1.C8C51F10-BD65-44AC-BC95-4ED8D017D908.svs,8.487767623437039,-0.012757095659878072,0.07892864015636983,0.42216392404983705,0.10359879649153668,0.03219677952664011
TCGA-VQ-A8P8-01Z-00-DX1.85D05076-70BE-46A6-B866-94846CD22670.svs,8.608951521092512,-0.05227911607039676,0.05565221279700337,0.6175005278517259,0.11053015100773227,0.0327522313998301
TCGA-RD-A8N6-01Z-00-DX1.E51FADB4-1A2E-415D-9C91-F81705311147.svs,8.416536731212663,-0.10005917814390129,0.04915787402410528,0.49400897639085634,0.12389512844615853,0.03138240762367732
TCGA-IN-8663-01Z-00-DX1.39719DC6-1441-4E0F-BB5E-656CCDAC13D5.svs,8.40191523248479,-0.0841046232832692,0.07103299053830826,0.5265660525459154,0.11293569681479482,0.030580215406748715
TCGA-VQ-A8PS-01Z-00-DX1.E93B2855-6350-4037-8C41-E781D887C790.svs,8.538569659481997,-0.07454625537449468,0.059487490385436305,0.6135928354981963,0.11580921636474989,0.0300881754598101
TCGA-IN-7806-01Z-00-DX1.2e7288fd-e149-4d4f-9d63-dd2e2f91d4f8.svs,8.071403074010417,-0.13986500174186023,0.0780406129400152,0.6372525905824018,0.13598305145780704,0.03266713217471741
TCGA-VQ-A8E7-01Z-00-DX1.30F18F35-5E77-429B-9840-27E60F5129B8.svs,8.513254510447867,-0.12164360669549344,0.0328297686754056,0.6227734182424107,0.13209584166191185,0.025518177113806825
TCGA-IN-7808-01Z-00-DX1.0aacd7e2-1454-4aa4-866b-b142fa04e619.svs,8.328725965781477,-0.10374609904482601,0.05959214290960965,0.6104303382130782,0.11986519595211609,0.02965204223645622
TCGA-VQ-A94O-01Z-00-DX1.83040E68-904F-4F7E-B4E1-34C860098228.svs,8.35732008972987,-0.16801022934501533,0.033488559634740886,0.7259516677270009,0.1640126132931665,0.02420987790614235
TCGA-VQ-AA69-01Z-00-DX1.1EEF2AD7-6470-44B5-9E87-E77AE47262F0.svs,8.438939673949072,-0.14367738572883723,0.03410007793229815,0.7223130006197495,0.15905089701245026,0.024868951236549537
TCGA-VQ-AA6D-01Z-00-DX1.C1D51961-84D7-4AA6-9645-60120B105A68.svs,8.766462169809344,-0.09847759787625535,0.024960339999644657,0.5054991073222737,0.1084271917080877,0.01868406740215596
TCGA-D7-6524-01Z-00-DX2.6E8242FF-FAF3-4CAA-9CB2-CE0BC1D518C9.svs,8.889312336100557,-0.010920965192100746,0.04267262739600786,0.38803814222966426,0.05784196418079775,0.028454131115675022
TCGA-VQ-A928-01Z-00-DX1.633B64F3-2F87-4C76-ABC4-4E03D04AF9EC.svs,8.313591507120632,-0.14517126935457073,0.04562033173212604,0.7307205291105032,0.1603829323092926,0.026926780241255253
TCGA-VQ-A8PB-01Z-00-DX1.FAB74FD6-C7AB-422F-ACA9-2DB0ACEC23E5.svs,8.340950388121945,-0.10182865364154223,0.06720446052952676,0.6115329648061991,0.12430477775751543,0.028056441043059197
TCGA-VQ-A8PX-01Z-00-DX1.A1886D51-DC33-4B5A-9C71-56E281F13F52.svs,8.29991626993446,-0.08703660906567103,0.0736213609802444,0.6608595129407134,0.13674659762051425,0.031155257263061106
TCGA-VQ-A923-01Z-00-DX1.86FE7ABA-9C93-4637-A71F-F3EBA2BB4BDF.svs,8.330111216225001,-0.17713760663163014,0.029552779662129304,0.7570073141822509,0.17612965898722638,0.025173830099106866
TCGA-VQ-A8PK-01Z-00-DX1.A13BCC99-05AC-4FEC-8BA8-0EDC92EAE02B.svs,8.185799092238751,-0.08079704702577443,0.08251840243349219,0.6266590890319769,0.1484289040918068,0.03669282424225681
TCGA-VQ-A91E-01Z-00-DX1.BF3BA276-5A18-4B45-881D-4523C42B5AD8.svs,8.360439619561545,-0.14012731339916876,0.03807426337872032,0.7951792819563978,0.15687012460859973,0.027838353761859738
TCGA-VQ-A922-01Z-00-DX1.445608A5-D4F1-44AB-8642-3C944D753D87.svs,8.462110607971908,-0.15262283296394508,0.03301005832231687,0.6294167976917835,0.14259074170319738,0.02089133029123516
TCGA-VQ-A8E0-01Z-00-DX1.81F45F4C-5D39-4C76-9888-064D53C9A80D.svs,8.742723706569084,-0.0937403322176329,0.026860065748287427,0.5054212696558056,0.1076512948803696,0.019398397671093907
TCGA-VQ-A91Y-01Z-00-DX1.9401E1F3-4110-4F1E-99A0-36D4E1518650.svs,8.607128846434511,-0.11654708242870956,0.0325025721646316,0.5801414245958527,0.12063151155745815,0.02039231684531016
TCGA-VQ-A927-01Z-00-DX1.F4ACCDED-FBF5-4900-B000-638B3015EBFA.svs,8.324476992550942,-0.14478979510195503,0.04631753840279143,0.6481820369185843,0.14993435868599042,0.024244499697355894
TCGA-VQ-A91V-01Z-00-DX1.E271D33E-3E57-445D-8373-2386B56FE9A9.svs,8.6295188293266,-0.1240548901531893,0.027215992609176752,0.6149506354571416,0.1344899448678248,0.02042473071150913
TCGA-RD-A7BT-01Z-00-DX1.1B0308B0-27EA-43A7-BE89-C5F7831AF243.svs,8.604336298851232,-0.016850011582082672,0.05279250161846851,0.44101652045663947,0.10697797500672161,0.024221974510910505
TCGA-VQ-AA6B-01Z-00-DX1.C6CB7290-4A83-4963-8840-68BC208D1232.svs,8.562014598516619,-0.1212549829475802,0.03290690937734721,0.5947747465051091,0.137611275865055,0.023055003354907504
TCGA-VQ-A8PM-01Z-00-DX1.49FE7D00-2547-4936-803D-F4421C5E5BB3.svs,7.674651563863697,-0.10815907463627839,0.11419839873317061,0.8454683380463214,0.17952112614340385,0.04303615946713709
TCGA-KB-A6F5-01Z-00-DX1.7EBE81C7-178C-41EB-8DFA-27770A9DF630.svs,8.803150230742117,-0.034038522257635644,0.05524258676956713,0.42973525092729664,0.07105563744073969,0.024988729297860706
TCGA-VQ-A94U-01Z-00-DX1.5E27CE1E-CF07-4219-9536-D5F898E47A9B.svs,8.469972753366369,-0.1272681098408551,0.03951718273822201,0.6043155673931856,0.13053188499568202,0.024156045909387917
TCGA-VQ-A91N-01Z-00-DX1.4F7CF3DD-8AAA-43DE-98C1-E44B2B5FB019.svs,8.042891733332686,-0.18934726127377943,0.05572001384828474,0.8377502279690279,0.19060478394135955,0.031101129576795006
TCGA-VQ-A92D-01Z-00-DX1.13EF7944-C276-4A3B-B9B3-7DC65A82AD60.svs,8.29098995888586,-0.13669622683050398,0.05234658509781,0.6570024518576377,0.1450305503085543,0.025129347279509887
TCGA-VQ-AA6G-01Z-00-DX1.3BDB7578-931A-47DB-933F-C7CA7CD50EDE.svs,8.625562914028183,-0.09677436676615307,0.03714069574782103,0.5604025408030356,0.11444279611996523,0.022250611288635255
TCGA-RD-A8N0-01Z-00-DX1.4C91480F-E7D8-4E37-B528-F5E272F2F8CA.svs,8.392752124150125,-0.008925179359896333,0.08545816934290013,0.4829978619159814,0.13001488268294087,0.03328208398574211
TCGA-KB-A6F7-01Z-00-DX1.9F7267C3-B50D-4366-9050-DE8E0EB708EA.svs,8.362397327441764,-0.05840680189316317,0.07121158517165947,0.5876465402164899,0.10817398454268089,0.028460152838565764
TCGA-VQ-A8P2-01Z-00-DX1.0515199A-B84D-4973-ACAB-30B919F99FB8.svs,8.581037199651641,-0.07975432489455704,0.05483589758095294,0.553805165235356,0.10802570426025235,0.026919822537314727
TCGA-VQ-A8PQ-01Z-00-DX1.D63AEF37-BAB9-4BFC-9F7E-33509A227B71.svs,8.397279147664493,-0.09954746329283362,0.06140451521200323,0.6849942869313875,0.13504955873852514,0.03133528071792569
TCGA-VQ-A8E2-01Z-00-DX1.6B105EA8-4AF5-4CE0-B5B9-46332130B037.svs,8.145926441133351,-0.1898706624408578,0.042143569224842664,0.790470988392194,0.182330056192454,0.032442359545520244
TCGA-VQ-AA6A-01Z-00-DX1.52D958F4-34B3-43F1-9DAC-960E69C958CA.svs,8.642075894986975,-0.105308424701886,0.03365977754565452,0.552174174667027,0.1181041343531305,0.021586611247295464
TCGA-VQ-A8PH-01Z-00-DX1.79A66B42-B6CF-49F9-9204-DC21A57DAFF6.svs,8.437306698799869,-0.08210819780248672,0.06823974508396291,0.6469086092872355,0.128367396398316,0.031841495178377026
TCGA-VQ-A8PY-01Z-00-DX1.EA2C7386-012A-442A-95B3-FFA12BD2684D.svs,8.404383840791626,-0.0654665955515403,0.07467366312549044,0.6699594922414863,0.1273796365753487,0.03670294592064873
TCGA-RD-A8MW-01Z-00-DX1.30EE6F24-3983-4793-9EF6-059B9AF53F24.svs,8.302123999701202,-0.021073737979479788,0.07387190488705123,0.6467321366373561,0.12017548868737729,0.03329790009744064
TCGA-VQ-A91A-01Z-00-DX1.B0F3EE79-4246-4534-9763-EB9C6D60F3AA.svs,8.76185713524486,-0.0988309276619793,0.023851872211139817,0.528856928332961,0.09502907315071804,0.02038158458153827
TCGA-VQ-AA6J-01Z-00-DX1.212AF324-26E9-4807-A64B-6325D6E94507.svs,8.337096276961027,-0.14234446264144668,0.03883880705418494,0.7517675170019519,0.16017694612143615,0.027040902474616366
TCGA-VQ-AA6F-01Z-00-DX1.EA90F7CF-FE3F-4FED-A8E0-C83FEE96F4CA.svs,8.618314087433342,-0.11121423093178819,0.030619061753124243,0.5214755661462924,0.1153324237330215,0.021220729465124075
TCGA-VQ-A91D-01Z-00-DX1.B7E99494-FA16-42B5-AC1C-1498A7989111.svs,8.639969250474715,-0.10755055611187075,0.03152686099712572,0.5488213292497252,0.11589496147357568,0.021447197797943414
TCGA-VQ-AA6I-01Z-00-DX1.B11762F9-1DA7-4140-8F45-2B372B497379.svs,8.525196555567963,-0.145610544321607,0.02390708628435259,0.6563061449483328,0.14778233767318055,0.02099158598586277
TCGA-VQ-AA68-01Z-00-DX1.CF6FBB15-5887-4406-946A-AF93918EC318.svs,8.485513515436665,-0.14160977178928605,0.030072311148438696,0.6267461230463041,0.1416268819905889,0.02252051240996859
TCGA-VQ-AA64-01Z-00-DX1.90641552-B556-4020-AA11-21E754BD5891.svs,8.714438893924983,-0.10273032813026516,0.027551400151225886,0.5129131213379257,0.10824792134213902,0.018943235441203722
TCGA-VQ-A925-01Z-00-DX1.D9AB5ADD-B946-4994-A3F2-646888C69E0D.svs,8.427741667462975,-0.14356184216142026,0.037467577071466446,0.6682562065703517,0.15088849821986092,0.02316614000482274
TCGA-VQ-A94T-01Z-00-DX1.DEFEFBD0-CE26-4F75-B9C4-F55344A7CAA8.svs,8.63478855650944,-0.10334998589814262,0.033578258719763464,0.5668190423166247,0.11380280551395597,0.020518510926707936
TCGA-VQ-A8PT-01Z-00-DX1.7A0E6C8F-E0D2-49AC-9C03-3C9B34EB0AE8.svs,8.349380627393629,-0.13044359573855063,0.05854134967173092,0.5823482180414575,0.11695396022543295,0.025655722688919094
TCGA-RD-A8N9-01Z-00-DX1.70899C63-3C5D-4993-8215-F7452ADE134D.svs,8.136309979357037,-0.05773380330689838,0.08283957720645554,0.6283987249179986,0.15442193080846955,0.041021560534345594
TCGA-RD-A7BS-01Z-00-DX1.F236D43D-0072-47C7-A4D5-6928932D4C9F.svs,8.456232705112324,-0.014909857123754176,0.060956412811098,0.5714161182990032,0.11750765592965569,0.03301287006080762
TCGA-VQ-A91S-01Z-00-DX1.11BCF3BE-4C79-4F6F-92B5-2C45190DBD86.svs,8.30262719065994,-0.1512303821788916,0.0453325497108132,0.7471077913738612,0.16375552438792199,0.02797965078569193
TCGA-ZQ-A9CR-01Z-00-DX1.C9AC9991-7054-4068-A7AA-9D1EB7F040A3.svs,8.776411138188916,-0.04370621632151249,0.04825331631830542,0.40983374549226553,0.07232036236346948,0.029930462609307144
